INFO: Initializing raylib 5.5
INFO: Platform backend: DESKTOP (GLFW)
INFO: Supported raylib modules:
INFO:     > rcore:..... loaded (mandatory)
INFO:     > rlgl:...... loaded (mandatory)
INFO:     > rshapes:... loaded (optional)
INFO:     > rtextures:. loaded (optional)
INFO:     > rtext:..... loaded (optional)
INFO:     > rmodels:... loaded (optional)
INFO:     > raudio:.... loaded (optional)
INFO: DISPLAY: Device initialized successfully
INFO:     > Display size: 1728 x 1117
INFO:     > Screen size:  500 x 800
INFO:     > Render size:  500 x 800
INFO:     > Viewport offsets: 0, 0
INFO: GLAD: OpenGL extensions loaded successfully
INFO: GL: Supported extensions count: 43
INFO: GL: OpenGL device information:
INFO:     > Vendor:   Apple
INFO:     > Renderer: Apple M4 Max
INFO:     > Version:  4.1 Metal - 89.3
INFO:     > GLSL:     4.10
INFO: GL: VAO extension detected, VAO functions loaded successfully
INFO: GL: NPOT textures extension detected, full NPOT textures supported
INFO: GL: DXT compressed textures supported
INFO: PLATFORM: DESKTOP (GLFW - Cocoa): Initialized successfully
INFO: TEXTURE: [ID 1] Texture loaded successfully (1x1 | R8G8B8A8 | 1 mipmaps)
INFO: TEXTURE: [ID 1] Default texture loaded successfully
INFO: SHADER: [ID 1] Vertex shader compiled successfully
INFO: SHADER: [ID 2] Fragment shader compiled successfully
INFO: SHADER: [ID 3] Program shader loaded successfully
INFO: SHADER: [ID 3] Default shader loaded successfully
INFO: RLGL: Render batch vertex buffers loaded successfully in RAM (CPU)
INFO: RLGL: Render batch vertex buffers loaded successfully in VRAM (GPU)
INFO: RLGL: Default OpenGL state initialized successfully
INFO: TEXTURE: [ID 2] Texture loaded successfully (128x128 | GRAY_ALPHA | 1 mipmaps)
INFO: FONT: Default font loaded successfully (224 glyphs)
INFO: SYSTEM: Working Directory: /Users/vijind/cropChaos/src
4
0
INFO: FILEIO: [../assets/grass.png] File loaded successfully
INFO: IMAGE: Data loaded successfully (16x16 | R8G8B8A8 | 1 mipmaps)
INFO: TEXTURE: [ID 3] Texture loaded successfully (16x16 | R8G8B8A8 | 1 mipmaps)
1
INFO: FILEIO: [../assets/grass.png] File loaded successfully
INFO: IMAGE: Data loaded successfully (16x16 | R8G8B8A8 | 1 mipmaps)
INFO: TEXTURE: [ID 4] Texture loaded successfully (16x16 | R8G8B8A8 | 1 mipmaps)
2
INFO: FILEIO: [../assets/grass.png] File loaded successfully
INFO: IMAGE: Data loaded successfully (16x16 | R8G8B8A8 | 1 mipmaps)
INFO: TEXTURE: [ID 5] Texture loaded successfully (16x16 | R8G8B8A8 | 1 mipmaps)
ENTITIES:  finished loading 
RUN 
INIT Chunk (0,0) STARTED
INIT 1 : STARTED
INIT 1 : FINISHED
INIT Chunk (0,1) STARTED
INIT 2 : STARTED
INIT 2 : FINISHED
INIT Chunk (0,2) STARTED
INIT 3 : STARTED
INIT 3 : FINISHED
INIT Chunk (0,3) STARTED
INIT 4 : STARTED
INIT 4 : FINISHED
INIT Chunk (0,4) STARTED
INIT 5 : STARTED
INIT 5 : FINISHED
INIT Chunk (0,5) STARTED
INIT 6 : STARTED
INIT 6 : FINISHED
INIT Chunk (1,0) STARTED
INIT 7 : STARTED
INIT 7 : FINISHED
INIT Chunk (1,1) STARTED
INIT 8 : STARTED
INIT 8 : FINISHED
INIT Chunk (1,2) STARTED
INIT 9 : STARTED
INIT 9 : FINISHED
INIT Chunk (1,3) STARTED
INIT 10 : STARTED
INIT 10 : FINISHED
INIT Chunk (1,4) STARTED
INIT 11 : STARTED
INIT 11 : FINISHED
INIT Chunk (1,5) STARTED
INIT 12 : STARTED
INIT 12 : FINISHED
INIT Chunk (2,0) STARTED
INIT 13 : STARTED
INIT 13 : FINISHED
INIT Chunk (2,1) STARTED
INIT 14 : STARTED
INIT 14 : FINISHED
INIT Chunk (2,2) STARTED
INIT 15 : STARTED
INIT 15 : FINISHED
INIT Chunk (2,3) STARTED
INIT 16 : STARTED
INIT 16 : FINISHED
INIT Chunk (2,4) STARTED
INIT 17 : STARTED
INIT 17 : FINISHED
INIT Chunk (2,5) STARTED
INIT 18 : STARTED
INIT 18 : FINISHED
INIT Chunk (3,0) STARTED
INIT 19 : STARTED
INIT 19 : FINISHED
INIT Chunk (3,1) STARTED
INIT 20 : STARTED
INIT 20 : FINISHED
INIT Chunk (3,2) STARTED
INIT 21 : STARTED
INIT 21 : FINISHED
INIT Chunk (3,3) STARTED
INIT 22 : STARTED
INIT 22 : FINISHED
INIT Chunk (3,4) STARTED
INIT 23 : STARTED
INIT 23 : FINISHED
INIT Chunk (3,5) STARTED
INIT 24 : STARTED
INIT 24 : FINISHED
INIT Chunk (4,0) STARTED
INIT 25 : STARTED
INIT 25 : FINISHED
INIT Chunk (4,1) STARTED
INIT 26 : STARTED
INIT 26 : FINISHED
INIT Chunk (4,2) STARTED
INIT 27 : STARTED
INIT 27 : FINISHED
INIT Chunk (4,3) STARTED
INIT 28 : STARTED
INIT 28 : FINISHED
INIT Chunk (4,4) STARTED
INIT 29 : STARTED
INIT 29 : FINISHED
INIT Chunk (4,5) STARTED
INIT 30 : STARTED
INIT 30 : FINISHED
INIT Chunk (5,0) STARTED
INIT 31 : STARTED
INIT 31 : FINISHED
INIT Chunk (5,1) STARTED
INIT 32 : STARTED
INIT 32 : FINISHED
INIT Chunk (5,2) STARTED
INIT 33 : STARTED
INIT 33 : FINISHED
INIT Chunk (5,3) STARTED
INIT 34 : STARTED
INIT 34 : FINISHED
INIT Chunk (5,4) STARTED
INIT 35 : STARTED
INIT 35 : FINISHED
INIT Chunk (5,5) STARTED
INIT 36 : STARTED
INIT 36 : FINISHED
Total INIT time taken : 0.000237
INFO: FILEIO: [../assets/player.png] File loaded successfully
INFO: IMAGE: Data loaded successfully (16x16 | R8G8B8A8 | 1 mipmaps)
INFO: TEXTURE: [ID 6] Texture loaded successfully (16x16 | R8G8B8A8 | 1 mipmaps)
INFO: FILEIO: [../assets/bread.png] File loaded successfully
INFO: IMAGE: Data loaded successfully (16x16 | R8G8B8A8 | 1 mipmaps)
INFO: TEXTURE: [ID 7] Texture loaded successfully (16x16 | R8G8B8A8 | 1 mipmaps)
INFO: TIMER: Target time per frame: 16.667 milliseconds
PLAYER : 600 
 ADDED ENTRY
Hunger: 100.000000,100.000000
Render Time take : 0.001152
ADDED ENTRY
Hunger: 100.000000,100.000000
Render Time take : 0.000836
ADDED ENTRY
Hunger: 100.000000,100.000000
Render Time take : 0.000706
ADDED ENTRY
Hunger: 100.000000,100.000000
Render Time take : 0.000761
ADDED ENTRY
Hunger: 100.000000,100.000000
Render Time take : 0.000840
ADDED ENTRY
Hunger: 100.000000,100.000000
Render Time take : 0.000799
ADDED ENTRY
Hunger: 100.000000,100.000000
Render Time take : 0.000789
ADDED ENTRY
Hunger: 100.000000,100.000000
Render Time take : 0.000811
ADDED ENTRY
Hunger: 100.000000,100.000000
Render Time take : 0.000863
ADDED ENTRY
Hunger: 100.000000,100.000000
Render Time take : 0.000855
ADDED ENTRY
Hunger: 100.000000,100.000000
Render Time take : 0.000966
ADDED ENTRY
Hunger: 100.000000,100.000000
Render Time take : 0.001022
ADDED ENTRY
Hunger: 100.000000,100.000000
Render Time take : 0.001052
ADDED ENTRY
Hunger: 100.000000,100.000000
Render Time take : 0.001029
ADDED ENTRY
Hunger: 100.000000,100.000000
Render Time take : 0.000803
ADDED ENTRY
Hunger: 100.000000,100.000000
Render Time take : 0.000688
ADDED ENTRY
Hunger: 100.000000,100.000000
Render Time take : 0.001251
ADDED ENTRY
Hunger: 100.000000,100.000000
Render Time take : 0.000659
ADDED ENTRY
Hunger: 100.000000,100.000000
Render Time take : 0.000724
ADDED ENTRY
Hunger: 100.000000,100.000000
Render Time take : 0.001675
ADDED ENTRY
Hunger: 100.000000,100.000000
Render Time take : 0.002642
ADDED ENTRY
Hunger: 100.000000,100.000000
Render Time take : 0.003407
ADDED ENTRY
Hunger: 100.000000,100.000000
Render Time take : 0.002038
ADDED ENTRY
Hunger: 100.000000,100.000000
Render Time take : 0.000978
ADDED ENTRY
Hunger: 100.000000,100.000000
Render Time take : 0.001280
ADDED ENTRY
Hunger: 100.000000,100.000000
Render Time take : 0.002345
ADDED ENTRY
Hunger: 100.000000,100.000000
Render Time take : 0.002698
ADDED ENTRY
Hunger: 100.000000,100.000000
Render Time take : 0.003998
ADDED ENTRY
Hunger: 100.000000,100.000000
Render Time take : 0.003260
ADDED ENTRY
Hunger: 100.000000,100.000000
Render Time take : 0.002561
ADDED ENTRY
Hunger: 100.000000,100.000000
Render Time take : 0.003600
ADDED ENTRY
Hunger: 100.000000,100.000000
Render Time take : 0.004049
ADDED ENTRY
Hunger: 100.000000,100.000000
Render Time take : 0.003186
ADDED ENTRY
Hunger: 100.000000,100.000000
Render Time take : 0.003809
ADDED ENTRY
Hunger: 100.000000,100.000000
Render Time take : 0.003074
ADDED ENTRY
Hunger: 100.000000,100.000000
Render Time take : 0.002563
ADDED ENTRY
Hunger: 100.000000,100.000000
Render Time take : 0.003506
ADDED ENTRY
Hunger: 100.000000,100.000000
Render Time take : 0.003821
ADDED ENTRY
Hunger: 100.000000,100.000000
Render Time take : 0.003157
ADDED ENTRY
Hunger: 100.000000,100.000000
Render Time take : 0.002595
ADDED ENTRY
Hunger: 100.000000,100.000000
Render Time take : 0.003871
ADDED ENTRY
Hunger: 100.000000,100.000000
Render Time take : 0.003587
ADDED ENTRY
Hunger: 100.000000,100.000000
Render Time take : 0.002786
ADDED ENTRY
Hunger: 100.000000,100.000000
Render Time take : 0.002693
ADDED ENTRY
Hunger: 100.000000,100.000000
Render Time take : 0.002749
ADDED ENTRY
Hunger: 100.000000,100.000000
Render Time take : 0.003689
ADDED ENTRY
Hunger: 100.000000,100.000000
Render Time take : 0.004555
ADDED ENTRY
Hunger: 100.000000,100.000000
Render Time take : 0.003270
ADDED ENTRY
Hunger: 100.000000,100.000000
Render Time take : 0.002585
ADDED ENTRY
Hunger: 100.000000,100.000000
Render Time take : 0.004314
ADDED ENTRY
Hunger: 100.000000,100.000000
Render Time take : 0.003802
ADDED ENTRY
Hunger: 100.000000,100.000000
Render Time take : 0.003414
ADDED ENTRY
Hunger: 100.000000,100.000000
Render Time take : 0.002872
ADDED ENTRY
Hunger: 100.000000,100.000000
Render Time take : 0.002670
ADDED ENTRY
Hunger: 100.000000,100.000000
Render Time take : 0.003705
ADDED ENTRY
Hunger: 100.000000,100.000000
Render Time take : 0.004279
ADDED ENTRY
Hunger: 100.000000,100.000000
Render Time take : 0.003880
ADDED ENTRY
Hunger: 100.000000,100.000000
Render Time take : 0.002824
ADDED ENTRY
Hunger: 100.000000,100.000000
Render Time take : 0.002717
ADDED ENTRY
Hunger: 100.000000,100.000000
Render Time take : 0.004142
ADDED ENTRY
Hunger: 100.000000,100.000000
Render Time take : 0.003427
ADDED ENTRY
Hunger: 100.000000,100.000000
Render Time take : 0.003139
ADDED ENTRY
Hunger: 100.000000,100.000000
Render Time take : 0.003534
ADDED ENTRY
Hunger: 100.000000,100.000000
Render Time take : 0.002879
ADDED ENTRY
Hunger: 100.000000,100.000000
Render Time take : 0.004172
ADDED ENTRY
Hunger: 100.000000,100.000000
Render Time take : 0.003788
ADDED ENTRY
Hunger: 100.000000,100.000000
Render Time take : 0.002647
ADDED ENTRY
Hunger: 100.000000,100.000000
Render Time take : 0.002994
ADDED ENTRY
Hunger: 100.000000,100.000000
Render Time take : 0.005219
ADDED ENTRY
Hunger: 100.000000,100.000000
Render Time take : 0.004491
ADDED ENTRY
Hunger: 100.000000,100.000000
Render Time take : 0.003081
ADDED ENTRY
Hunger: 100.000000,100.000000
Render Time take : 0.003278
ADDED ENTRY
Hunger: 100.000000,100.000000
Render Time take : 0.003027
ADDED ENTRY
Hunger: 100.000000,100.000000
Render Time take : 0.003366
ADDED ENTRY
Hunger: 100.000000,100.000000
Render Time take : 0.003049
ADDED ENTRY
Hunger: 100.000000,100.000000
Render Time take : 0.002194
ADDED ENTRY
Hunger: 100.000000,100.000000
Render Time take : 0.002595
ADDED ENTRY
Hunger: 100.000000,100.000000
Render Time take : 0.004251
ADDED ENTRY
Hunger: 100.000000,100.000000
Render Time take : 0.002827
ADDED ENTRY
Hunger: 100.000000,100.000000
Render Time take : 0.002901
ADDED ENTRY
Hunger: 100.000000,100.000000
Render Time take : 0.003599
ADDED ENTRY
Hunger: 100.000000,100.000000
Render Time take : 0.003641
ADDED ENTRY
Hunger: 100.000000,100.000000
Render Time take : 0.003307
ADDED ENTRY
Hunger: 100.000000,100.000000
Render Time take : 0.004220
ADDED ENTRY
Hunger: 100.000000,100.000000
Render Time take : 0.001585
ADDED ENTRY
Hunger: 100.000000,100.000000
Render Time take : 0.001387
ADDED ENTRY
Hunger: 100.000000,100.000000
Render Time take : 0.001673
ADDED ENTRY
Hunger: 100.000000,100.000000
Render Time take : 0.001668
ADDED ENTRY
Hunger: 100.000000,100.000000
Render Time take : 0.001921
ADDED ENTRY
Hunger: 100.000000,100.000000
Render Time take : 0.002637
ADDED ENTRY
Hunger: 100.000000,100.000000
Render Time take : 0.004369
ADDED ENTRY
Hunger: 100.000000,100.000000
Render Time take : 0.002616
ADDED ENTRY
Hunger: 100.000000,100.000000
Render Time take : 0.003167
ADDED ENTRY
Hunger: 100.000000,100.000000
Render Time take : 0.003824
ADDED ENTRY
Hunger: 100.000000,100.000000
Render Time take : 0.003296
ADDED ENTRY
Hunger: 100.000000,100.000000
Render Time take : 0.002701
ADDED ENTRY
Hunger: 100.000000,100.000000
Render Time take : 0.003658
ADDED ENTRY
Hunger: 100.000000,100.000000
Render Time take : 0.003255
ADDED ENTRY
Hunger: 100.000000,100.000000
Render Time take : 0.002749
ADDED ENTRY
Hunger: 100.000000,100.000000
Render Time take : 0.002952
ADDED ENTRY
Hunger: 100.000000,100.000000
Render Time take : 0.004223
ADDED ENTRY
Hunger: 100.000000,100.000000
Render Time take : 0.002624
ADDED ENTRY
Hunger: 100.000000,100.000000
Render Time take : 0.003677
ADDED ENTRY
Hunger: 100.000000,100.000000
Render Time take : 0.004723
ADDED ENTRY
Hunger: 100.000000,100.000000
Render Time take : 0.003967
ADDED ENTRY
Hunger: 100.000000,100.000000
Render Time take : 0.003482
ADDED ENTRY
Hunger: 100.000000,100.000000
Render Time take : 0.003574
ADDED ENTRY
Hunger: 100.000000,100.000000
Render Time take : 0.002789
ADDED ENTRY
Hunger: 100.000000,100.000000
Render Time take : 0.002686
ADDED ENTRY
Hunger: 100.000000,100.000000
Render Time take : 0.004625
ADDED ENTRY
Hunger: 100.000000,100.000000
Render Time take : 0.004287
ADDED ENTRY
Hunger: 100.000000,100.000000
Render Time take : 0.002814
ADDED ENTRY
Hunger: 100.000000,100.000000
Render Time take : 0.002575
ADDED ENTRY
Hunger: 100.000000,100.000000
Render Time take : 0.003053
ADDED ENTRY
Hunger: 100.000000,100.000000
Render Time take : 0.003731
ADDED ENTRY
Hunger: 100.000000,100.000000
Render Time take : 0.002955
ADDED ENTRY
Hunger: 100.000000,100.000000
Render Time take : 0.004162
ADDED ENTRY
Hunger: 100.000000,100.000000
Render Time take : 0.003687
ADDED ENTRY
Hunger: 100.000000,100.000000
Render Time take : 0.004027
ADDED ENTRY
Hunger: 100.000000,100.000000
Render Time take : 0.003228
ADDED ENTRY
Hunger: 100.000000,100.000000
Render Time take : 0.004514
ADDED ENTRY
Hunger: 100.000000,100.000000
Render Time take : 0.002554
ADDED ENTRY
Hunger: 100.000000,100.000000
Render Time take : 0.004075
ADDED ENTRY
Hunger: 100.000000,100.000000
Render Time take : 0.003677
ADDED ENTRY
Hunger: 100.000000,100.000000
Render Time take : 0.003314
ADDED ENTRY
Hunger: 100.000000,100.000000
Render Time take : 0.003856
ADDED ENTRY
Hunger: 100.000000,100.000000
Render Time take : 0.002689
ADDED ENTRY
Hunger: 100.000000,100.000000
Render Time take : 0.004021
ADDED ENTRY
Hunger: 100.000000,100.000000
Render Time take : 0.002828
ADDED ENTRY
Hunger: 100.000000,100.000000
Render Time take : 0.002840
ADDED ENTRY
Hunger: 100.000000,100.000000
Render Time take : 0.003408
ADDED ENTRY
Hunger: 100.000000,100.000000
Render Time take : 0.003732
ADDED ENTRY
Hunger: 100.000000,100.000000
Render Time take : 0.004563
ADDED ENTRY
Hunger: 100.000000,100.000000
Render Time take : 0.003441
ADDED ENTRY
Hunger: 100.000000,100.000000
Render Time take : 0.003216
ADDED ENTRY
Hunger: 100.000000,100.000000
Render Time take : 0.003874
ADDED ENTRY
Hunger: 100.000000,100.000000
Render Time take : 0.004216
ADDED ENTRY
Hunger: 100.000000,100.000000
Render Time take : 0.002776
ADDED ENTRY
Hunger: 100.000000,100.000000
Render Time take : 0.003157
ADDED ENTRY
Hunger: 100.000000,100.000000
Render Time take : 0.002733
ADDED ENTRY
Hunger: 100.000000,100.000000
Render Time take : 0.004575
ADDED ENTRY
Hunger: 100.000000,100.000000
Render Time take : 0.003511
ADDED ENTRY
Hunger: 100.000000,100.000000
Render Time take : 0.002608
ADDED ENTRY
Hunger: 100.000000,100.000000
Render Time take : 0.002730
ADDED ENTRY
Hunger: 100.000000,100.000000
Render Time take : 0.003743
ADDED ENTRY
Hunger: 100.000000,100.000000
Render Time take : 0.004164
ADDED ENTRY
Hunger: 100.000000,100.000000
Render Time take : 0.003746
ADDED ENTRY
Hunger: 100.000000,100.000000
Render Time take : 0.003380
ADDED ENTRY
Hunger: 100.000000,100.000000
Render Time take : 0.002548
ADDED ENTRY
Hunger: 100.000000,100.000000
Render Time take : 0.003964
ADDED ENTRY
Hunger: 100.000000,100.000000
Render Time take : 0.004179
ADDED ENTRY
Hunger: 100.000000,100.000000
Render Time take : 0.003842
ADDED ENTRY
Hunger: 100.000000,100.000000
Render Time take : 0.002816
ADDED ENTRY
Hunger: 100.000000,100.000000
Render Time take : 0.003712
ADDED ENTRY
Hunger: 100.000000,100.000000
Render Time take : 0.003154
ADDED ENTRY
Hunger: 100.000000,100.000000
Render Time take : 0.003538
ADDED ENTRY
Hunger: 100.000000,100.000000
Render Time take : 0.003304
ADDED ENTRY
Hunger: 100.000000,100.000000
Render Time take : 0.002544
ADDED ENTRY
Hunger: 100.000000,100.000000
Render Time take : 0.003953
ADDED ENTRY
Hunger: 100.000000,100.000000
Render Time take : 0.004302
ADDED ENTRY
Hunger: 100.000000,100.000000
Render Time take : 0.004018
ADDED ENTRY
Hunger: 100.000000,100.000000
Render Time take : 0.003004
ADDED ENTRY
Hunger: 100.000000,100.000000
Render Time take : 0.002565
ADDED ENTRY
Hunger: 100.000000,100.000000
Render Time take : 0.002709
ADDED ENTRY
Hunger: 100.000000,100.000000
Render Time take : 0.003461
ADDED ENTRY
Hunger: 100.000000,100.000000
Render Time take : 0.003604
ADDED ENTRY
Hunger: 100.000000,100.000000
Render Time take : 0.004405
ADDED ENTRY
Hunger: 100.000000,100.000000
Render Time take : 0.003491
ADDED ENTRY
Hunger: 100.000000,100.000000
Render Time take : 0.002617
ADDED ENTRY
Hunger: 100.000000,100.000000
Render Time take : 0.003879
ADDED ENTRY
Hunger: 100.000000,100.000000
Render Time take : 0.003564
ADDED ENTRY
Hunger: 100.000000,100.000000
Render Time take : 0.002870
ADDED ENTRY
Hunger: 100.000000,100.000000
Render Time take : 0.003693
ADDED ENTRY
Hunger: 100.000000,100.000000
Render Time take : 0.002878
ADDED ENTRY
Hunger: 100.000000,100.000000
Render Time take : 0.003861
ADDED ENTRY
Hunger: 100.000000,100.000000
Render Time take : 0.002551
ADDED ENTRY
Hunger: 100.000000,100.000000
Render Time take : 0.003888
ADDED ENTRY
Hunger: 100.000000,100.000000
Render Time take : 0.003613
ADDED ENTRY
Hunger: 100.000000,100.000000
Render Time take : 0.002831
ADDED ENTRY
Hunger: 100.000000,100.000000
Render Time take : 0.003291
ADDED ENTRY
Hunger: 100.000000,100.000000
Render Time take : 0.004151
ADDED ENTRY
Hunger: 100.000000,100.000000
Render Time take : 0.002556
ADDED ENTRY
Hunger: 100.000000,100.000000
Render Time take : 0.002959
ADDED ENTRY
Hunger: 100.000000,100.000000
Render Time take : 0.002846
ADDED ENTRY
Hunger: 100.000000,100.000000
Render Time take : 0.003694
ADDED ENTRY
Hunger: 100.000000,100.000000
Render Time take : 0.002556
ADDED ENTRY
Hunger: 100.000000,100.000000
Render Time take : 0.004464
ADDED ENTRY
Hunger: 100.000000,100.000000
Render Time take : 0.003808
ADDED ENTRY
Hunger: 100.000000,100.000000
Render Time take : 0.003029
ADDED ENTRY
Hunger: 100.000000,100.000000
Render Time take : 0.003722
ADDED ENTRY
Hunger: 100.000000,100.000000
Render Time take : 0.003010
ADDED ENTRY
Hunger: 100.000000,100.000000
Render Time take : 0.003154
ADDED ENTRY
Hunger: 100.000000,100.000000
Render Time take : 0.002609
ADDED ENTRY
Hunger: 100.000000,100.000000
Render Time take : 0.002560
ADDED ENTRY
Hunger: 100.000000,100.000000
Render Time take : 0.003826
ADDED ENTRY
Hunger: 100.000000,100.000000
Render Time take : 0.004004
ADDED ENTRY
Hunger: 100.000000,100.000000
Render Time take : 0.003215
ADDED ENTRY
Hunger: 100.000000,100.000000
Render Time take : 0.003394
ADDED ENTRY
Hunger: 100.000000,100.000000
Render Time take : 0.002911
ADDED ENTRY
Hunger: 100.000000,100.000000
Render Time take : 0.003490
ADDED ENTRY
Hunger: 100.000000,100.000000
Render Time take : 0.002671
ADDED ENTRY
Hunger: 100.000000,100.000000
Render Time take : 0.004353
ADDED ENTRY
Hunger: 100.000000,100.000000
Render Time take : 0.003904
ADDED ENTRY
Hunger: 100.000000,100.000000
Render Time take : 0.002822
ADDED ENTRY
Hunger: 100.000000,100.000000
Render Time take : 0.002978
ADDED ENTRY
Hunger: 100.000000,100.000000
Render Time take : 0.003715
ADDED ENTRY
Hunger: 100.000000,100.000000
Render Time take : 0.003708
ADDED ENTRY
Hunger: 100.000000,100.000000
Render Time take : 0.002579
ADDED ENTRY
Hunger: 100.000000,100.000000
Render Time take : 0.004290
ADDED ENTRY
Hunger: 100.000000,100.000000
Render Time take : 0.002567
ADDED ENTRY
Hunger: 100.000000,100.000000
Render Time take : 0.004357
ADDED ENTRY
Hunger: 100.000000,100.000000
Render Time take : 0.003712
ADDED ENTRY
Hunger: 100.000000,100.000000
Render Time take : 0.002578
ADDED ENTRY
Hunger: 100.000000,100.000000
Render Time take : 0.003065
ADDED ENTRY
Hunger: 100.000000,100.000000
Render Time take : 0.004661
ADDED ENTRY
Hunger: 100.000000,100.000000
Render Time take : 0.003473
ADDED ENTRY
Hunger: 100.000000,100.000000
Render Time take : 0.002752
ADDED ENTRY
Hunger: 100.000000,100.000000
Render Time take : 0.003234
ADDED ENTRY
Hunger: 100.000000,100.000000
Render Time take : 0.003056
ADDED ENTRY
Hunger: 100.000000,100.000000
Render Time take : 0.002612
ADDED ENTRY
Hunger: 100.000000,100.000000
Render Time take : 0.003266
ADDED ENTRY
Hunger: 100.000000,100.000000
Render Time take : 0.003791
ADDED ENTRY
Hunger: 100.000000,100.000000
Render Time take : 0.004529
ADDED ENTRY
Hunger: 100.000000,100.000000
Render Time take : 0.003252
ADDED ENTRY
Hunger: 100.000000,100.000000
Render Time take : 0.003852
ADDED ENTRY
Hunger: 100.000000,100.000000
Render Time take : 0.003859
ADDED ENTRY
Hunger: 100.000000,100.000000
Render Time take : 0.003072
ADDED ENTRY
Hunger: 100.000000,100.000000
Render Time take : 0.003078
ADDED ENTRY
Hunger: 100.000000,100.000000
Render Time take : 0.004112
ADDED ENTRY
Hunger: 100.000000,100.000000
Render Time take : 0.002996
ADDED ENTRY
Hunger: 100.000000,100.000000
Render Time take : 0.004029
ADDED ENTRY
Hunger: 100.000000,100.000000
Render Time take : 0.004113
ADDED ENTRY
Hunger: 100.000000,100.000000
Render Time take : 0.002738
ADDED ENTRY
Hunger: 100.000000,100.000000
Render Time take : 0.002726
ADDED ENTRY
Hunger: 100.000000,100.000000
Render Time take : 0.003226
ADDED ENTRY
Hunger: 100.000000,100.000000
Render Time take : 0.003856
ADDED ENTRY
Hunger: 100.000000,100.000000
Render Time take : 0.004081
ADDED ENTRY
Hunger: 100.000000,100.000000
Render Time take : 0.002986
ADDED ENTRY
Hunger: 100.000000,100.000000
Render Time take : 0.002782
ADDED ENTRY
Hunger: 100.000000,100.000000
Render Time take : 0.002714
ADDED ENTRY
Hunger: 100.000000,100.000000
Render Time take : 0.004587
ADDED ENTRY
Hunger: 100.000000,100.000000
Render Time take : 0.002974
ADDED ENTRY
Hunger: 100.000000,100.000000
Render Time take : 0.004628
ADDED ENTRY
Hunger: 100.000000,100.000000
Render Time take : 0.002725
ADDED ENTRY
Hunger: 100.000000,100.000000
Render Time take : 0.003840
ADDED ENTRY
Hunger: 100.000000,100.000000
Render Time take : 0.003067
ADDED ENTRY
Hunger: 100.000000,100.000000
Render Time take : 0.004426
ADDED ENTRY
Hunger: 100.000000,100.000000
Render Time take : 0.003631
ADDED ENTRY
Hunger: 100.000000,100.000000
Render Time take : 0.003254
ADDED ENTRY
Hunger: 100.000000,100.000000
Render Time take : 0.002537
ADDED ENTRY
Hunger: 100.000000,100.000000
Render Time take : 0.002838
ADDED ENTRY
Hunger: 100.000000,100.000000
Render Time take : 0.004380
ADDED ENTRY
Hunger: 100.000000,100.000000
Render Time take : 0.003844
ADDED ENTRY
Hunger: 100.000000,100.000000
Render Time take : 0.003465
ADDED ENTRY
Hunger: 100.000000,100.000000
Render Time take : 0.003828
ADDED ENTRY
Hunger: 100.000000,100.000000
Render Time take : 0.003812
ADDED ENTRY
Hunger: 100.000000,100.000000
Render Time take : 0.004150
ADDED ENTRY
Hunger: 100.000000,100.000000
Render Time take : 0.004581
ADDED ENTRY
Hunger: 100.000000,100.000000
Render Time take : 0.003395
ADDED ENTRY
Hunger: 100.000000,100.000000
Render Time take : 0.003790
ADDED ENTRY
Hunger: 100.000000,100.000000
Render Time take : 0.003317
ADDED ENTRY
Hunger: 100.000000,100.000000
Render Time take : 0.003532
ADDED ENTRY
Hunger: 100.000000,100.000000
Render Time take : 0.003452
ADDED ENTRY
Hunger: 100.000000,100.000000
Render Time take : 0.002933
ADDED ENTRY
Hunger: 100.000000,100.000000
Render Time take : 0.002958
ADDED ENTRY
Hunger: 100.000000,100.000000
Render Time take : 0.003574
ADDED ENTRY
Hunger: 100.000000,100.000000
Render Time take : 0.003661
ADDED ENTRY
Hunger: 100.000000,100.000000
Render Time take : 0.004265
ADDED ENTRY
Hunger: 100.000000,100.000000
Render Time take : 0.004195
ADDED ENTRY
Hunger: 100.000000,100.000000
Render Time take : 0.003678
ADDED ENTRY
Hunger: 100.000000,100.000000
Render Time take : 0.003654
ADDED ENTRY
Hunger: 100.000000,100.000000
Render Time take : 0.003735
ADDED ENTRY
Hunger: 100.000000,100.000000
Render Time take : 0.002612
ADDED ENTRY
Hunger: 100.000000,100.000000
Render Time take : 0.004700
ADDED ENTRY
Hunger: 100.000000,100.000000
Render Time take : 0.003366
ADDED ENTRY
Hunger: 100.000000,100.000000
Render Time take : 0.003222
ADDED ENTRY
Hunger: 100.000000,100.000000
Render Time take : 0.002820
ADDED ENTRY
Hunger: 100.000000,100.000000
Render Time take : 0.003191
ADDED ENTRY
Hunger: 100.000000,100.000000
Render Time take : 0.003086
ADDED ENTRY
Hunger: 100.000000,100.000000
Render Time take : 0.003438
ADDED ENTRY
Hunger: 100.000000,100.000000
Render Time take : 0.003124
ADDED ENTRY
Hunger: 100.000000,100.000000
Render Time take : 0.002603
ADDED ENTRY
Hunger: 100.000000,100.000000
Render Time take : 0.002703
ADDED ENTRY
Hunger: 100.000000,100.000000
Render Time take : 0.003817
ADDED ENTRY
Hunger: 100.000000,100.000000
Render Time take : 0.003361
ADDED ENTRY
Hunger: 100.000000,100.000000
Render Time take : 0.002517
ADDED ENTRY
Hunger: 100.000000,100.000000
Render Time take : 0.002741
ADDED ENTRY
Hunger: 100.000000,100.000000
Render Time take : 0.003367
ADDED ENTRY
Hunger: 100.000000,100.000000
Render Time take : 0.004609
ADDED ENTRY
Hunger: 100.000000,100.000000
Render Time take : 0.003770
ADDED ENTRY
Hunger: 100.000000,100.000000
Render Time take : 0.002859
ADDED ENTRY
Hunger: 100.000000,100.000000
Render Time take : 0.003778
ADDED ENTRY
Hunger: 100.000000,100.000000
Render Time take : 0.002930
ADDED ENTRY
Hunger: 100.000000,100.000000
Render Time take : 0.003920
ADDED ENTRY
Hunger: 100.000000,100.000000
Render Time take : 0.003137
ADDED ENTRY
Hunger: 100.000000,100.000000
Render Time take : 0.002724
ADDED ENTRY
Hunger: 100.000000,100.000000
Render Time take : 0.002643
ADDED ENTRY
Hunger: 100.000000,100.000000
Render Time take : 0.004159
ADDED ENTRY
Hunger: 100.000000,100.000000
Render Time take : 0.002621
ADDED ENTRY
Hunger: 100.000000,100.000000
Render Time take : 0.003587
ADDED ENTRY
Hunger: 100.000000,100.000000
Render Time take : 0.003407
ADDED ENTRY
Hunger: 100.000000,100.000000
Render Time take : 0.002917
ADDED ENTRY
Hunger: 100.000000,100.000000
Render Time take : 0.004337
ADDED ENTRY
Hunger: 100.000000,100.000000
Render Time take : 0.003876
ADDED ENTRY
Hunger: 100.000000,100.000000
Render Time take : 0.003259
ADDED ENTRY
Hunger: 100.000000,100.000000
Render Time take : 0.002774
ADDED ENTRY
Hunger: 100.000000,100.000000
Render Time take : 0.002579
ADDED ENTRY
Hunger: 100.000000,100.000000
Render Time take : 0.004230
ADDED ENTRY
Hunger: 100.000000,100.000000
Render Time take : 0.002872
ADDED ENTRY
Hunger: 100.000000,100.000000
Render Time take : 0.002764
ADDED ENTRY
Hunger: 100.000000,100.000000
Render Time take : 0.003547
ADDED ENTRY
Hunger: 100.000000,100.000000
Render Time take : 0.003582
ADDED ENTRY
Hunger: 100.000000,100.000000
Render Time take : 0.004615
ADDED ENTRY
Hunger: 100.000000,100.000000
Render Time take : 0.002783
ADDED ENTRY
Hunger: 100.000000,100.000000
Render Time take : 0.003546
ADDED ENTRY
Hunger: 100.000000,100.000000
Render Time take : 0.004078
ADDED ENTRY
Hunger: 100.000000,100.000000
Render Time take : 0.003921
ADDED ENTRY
Hunger: 100.000000,100.000000
Render Time take : 0.003644
ADDED ENTRY
Hunger: 100.000000,100.000000
Render Time take : 0.004136
ADDED ENTRY
Hunger: 100.000000,100.000000
Render Time take : 0.002564
ADDED ENTRY
Hunger: 100.000000,100.000000
Render Time take : 0.002740
ADDED ENTRY
Hunger: 100.000000,100.000000
Render Time take : 0.003907
ADDED ENTRY
Hunger: 100.000000,100.000000
Render Time take : 0.003375
ADDED ENTRY
Hunger: 100.000000,100.000000
Render Time take : 0.003487
ADDED ENTRY
Hunger: 100.000000,100.000000
Render Time take : 0.003157
ADDED ENTRY
Hunger: 100.000000,100.000000
Render Time take : 0.004028
ADDED ENTRY
Hunger: 100.000000,100.000000
Render Time take : 0.003478
ADDED ENTRY
Hunger: 100.000000,100.000000
Render Time take : 0.003327
ADDED ENTRY
Hunger: 100.000000,100.000000
Render Time take : 0.002608
ADDED ENTRY
Hunger: 100.000000,100.000000
Render Time take : 0.003232
ADDED ENTRY
Hunger: 100.000000,100.000000
Render Time take : 0.002642
ADDED ENTRY
Hunger: 100.000000,100.000000
Render Time take : 0.004195
ADDED ENTRY
Hunger: 100.000000,100.000000
Render Time take : 0.003387
ADDED ENTRY
Hunger: 100.000000,100.000000
Render Time take : 0.003705
ADDED ENTRY
Hunger: 100.000000,100.000000
Render Time take : 0.002788
ADDED ENTRY
Hunger: 100.000000,100.000000
Render Time take : 0.002512
ADDED ENTRY
Hunger: 100.000000,100.000000
Render Time take : 0.003597
ADDED ENTRY
Hunger: 100.000000,100.000000
Render Time take : 0.003323
ADDED ENTRY
Hunger: 100.000000,100.000000
Render Time take : 0.004061
ADDED ENTRY
Hunger: 100.000000,100.000000
Render Time take : 0.003115
ADDED ENTRY
Hunger: 100.000000,100.000000
Render Time take : 0.002456
ADDED ENTRY
Hunger: 100.000000,100.000000
Render Time take : 0.002520
ADDED ENTRY
Hunger: 100.000000,100.000000
Render Time take : 0.003872
ADDED ENTRY
Hunger: 100.000000,100.000000
Render Time take : 0.003923
ADDED ENTRY
Hunger: 100.000000,100.000000
Render Time take : 0.002702
ADDED ENTRY
Hunger: 100.000000,100.000000
Render Time take : 0.004418
ADDED ENTRY
Hunger: 100.000000,100.000000
Render Time take : 0.003965
ADDED ENTRY
Hunger: 100.000000,100.000000
Render Time take : 0.002681
ADDED ENTRY
Hunger: 100.000000,100.000000
Render Time take : 0.004536
ADDED ENTRY
Hunger: 100.000000,100.000000
Render Time take : 0.003509
ADDED ENTRY
Hunger: 100.000000,100.000000
Render Time take : 0.004458
ADDED ENTRY
Hunger: 100.000000,100.000000
Render Time take : 0.004686
ADDED ENTRY
Hunger: 100.000000,100.000000
Render Time take : 0.002700
ADDED ENTRY
Hunger: 100.000000,100.000000
Render Time take : 0.003353
ADDED ENTRY
Hunger: 100.000000,100.000000
Render Time take : 0.003636
ADDED ENTRY
Hunger: 100.000000,100.000000
Render Time take : 0.004319
ADDED ENTRY
Hunger: 100.000000,100.000000
Render Time take : 0.003465
ADDED ENTRY
Hunger: 100.000000,100.000000
Render Time take : 0.002678
ADDED ENTRY
Hunger: 100.000000,100.000000
Render Time take : 0.004642
ADDED ENTRY
Hunger: 100.000000,100.000000
Render Time take : 0.003297
ADDED ENTRY
Hunger: 100.000000,100.000000
Render Time take : 0.002728
ADDED ENTRY
Hunger: 100.000000,100.000000
Render Time take : 0.002952
ADDED ENTRY
Hunger: 100.000000,100.000000
Render Time take : 0.003677
ADDED ENTRY
Hunger: 100.000000,100.000000
Render Time take : 0.002707
ADDED ENTRY
Hunger: 100.000000,100.000000
Render Time take : 0.004040
ADDED ENTRY
Hunger: 100.000000,100.000000
Render Time take : 0.003815
ADDED ENTRY
Hunger: 100.000000,100.000000
Render Time take : 0.003168
ADDED ENTRY
Hunger: 100.000000,100.000000
Render Time take : 0.004022
ADDED ENTRY
Hunger: 100.000000,100.000000
Render Time take : 0.003512
ADDED ENTRY
Hunger: 100.000000,100.000000
Render Time take : 0.003742
ADDED ENTRY
Hunger: 100.000000,100.000000
Render Time take : 0.002949
ADDED ENTRY
Hunger: 100.000000,100.000000
Render Time take : 0.002732
ADDED ENTRY
Hunger: 100.000000,100.000000
Render Time take : 0.003960
ADDED ENTRY
Hunger: 100.000000,100.000000
Render Time take : 0.002989
ADDED ENTRY
Hunger: 100.000000,100.000000
Render Time take : 0.003219
ADDED ENTRY
Hunger: 100.000000,100.000000
Render Time take : 0.004311
ADDED ENTRY
Hunger: 100.000000,100.000000
Render Time take : 0.002954
ADDED ENTRY
Hunger: 100.000000,100.000000
Render Time take : 0.002827
ADDED ENTRY
Hunger: 100.000000,100.000000
Render Time take : 0.003201
ADDED ENTRY
Hunger: 100.000000,100.000000
Render Time take : 0.003356
ADDED ENTRY
Hunger: 100.000000,100.000000
Render Time take : 0.003583
ADDED ENTRY
Hunger: 100.000000,100.000000
Render Time take : 0.002875
ADDED ENTRY
Hunger: 100.000000,100.000000
Render Time take : 0.002642
ADDED ENTRY
Hunger: 100.000000,100.000000
Render Time take : 0.003028
ADDED ENTRY
Hunger: 100.000000,100.000000
Render Time take : 0.003070
ADDED ENTRY
Hunger: 100.000000,100.000000
Render Time take : 0.003932
ADDED ENTRY
Hunger: 100.000000,100.000000
Render Time take : 0.002982
ADDED ENTRY
Hunger: 100.000000,100.000000
Render Time take : 0.004318
ADDED ENTRY
Hunger: 100.000000,100.000000
Render Time take : 0.004131
ADDED ENTRY
Hunger: 100.000000,100.000000
Render Time take : 0.003002
ADDED ENTRY
Hunger: 100.000000,100.000000
Render Time take : 0.003047
ADDED ENTRY
Hunger: 100.000000,100.000000
Render Time take : 0.003382
ADDED ENTRY
Hunger: 100.000000,100.000000
Render Time take : 0.002702
ADDED ENTRY
Hunger: 100.000000,100.000000
Render Time take : 0.003674
ADDED ENTRY
Hunger: 100.000000,100.000000
Render Time take : 0.004408
ADDED ENTRY
Hunger: 100.000000,100.000000
Render Time take : 0.004018
ADDED ENTRY
Hunger: 100.000000,100.000000
Render Time take : 0.003305
ADDED ENTRY
Hunger: 100.000000,100.000000
Render Time take : 0.003977
ADDED ENTRY
Hunger: 100.000000,100.000000
Render Time take : 0.003567
ADDED ENTRY
Hunger: 100.000000,100.000000
Render Time take : 0.003507
ADDED ENTRY
Hunger: 100.000000,100.000000
Render Time take : 0.003991
ADDED ENTRY
Hunger: 100.000000,100.000000
Render Time take : 0.003488
ADDED ENTRY
Hunger: 100.000000,100.000000
Render Time take : 0.002653
ADDED ENTRY
Hunger: 100.000000,100.000000
Render Time take : 0.002751
ADDED ENTRY
Hunger: 100.000000,100.000000
Render Time take : 0.003098
ADDED ENTRY
Hunger: 100.000000,100.000000
Render Time take : 0.004247
ADDED ENTRY
Hunger: 100.000000,100.000000
Render Time take : 0.003193
ADDED ENTRY
Hunger: 100.000000,100.000000
Render Time take : 0.003567
ADDED ENTRY
Hunger: 100.000000,100.000000
Render Time take : 0.002715
ADDED ENTRY
Hunger: 100.000000,100.000000
Render Time take : 0.003965
ADDED ENTRY
Hunger: 100.000000,100.000000
Render Time take : 0.003485
ADDED ENTRY
Hunger: 100.000000,100.000000
Render Time take : 0.003516
ADDED ENTRY
Hunger: 100.000000,100.000000
Render Time take : 0.003814
ADDED ENTRY
Hunger: 100.000000,100.000000
Render Time take : 0.003953
ADDED ENTRY
Hunger: 100.000000,100.000000
Render Time take : 0.003622
ADDED ENTRY
Hunger: 100.000000,100.000000
Render Time take : 0.003128
ADDED ENTRY
Hunger: 100.000000,100.000000
Render Time take : 0.003085
ADDED ENTRY
Hunger: 100.000000,100.000000
Render Time take : 0.003333
ADDED ENTRY
Hunger: 100.000000,100.000000
Render Time take : 0.003618
ADDED ENTRY
Hunger: 100.000000,100.000000
Render Time take : 0.003836
ADDED ENTRY
Hunger: 100.000000,100.000000
Render Time take : 0.003251
ADDED ENTRY
Hunger: 100.000000,100.000000
Render Time take : 0.003153
ADDED ENTRY
Hunger: 100.000000,100.000000
Render Time take : 0.002826
ADDED ENTRY
Hunger: 100.000000,100.000000
Render Time take : 0.002894
ADDED ENTRY
Hunger: 100.000000,100.000000
Render Time take : 0.004117
ADDED ENTRY
Hunger: 100.000000,100.000000
Render Time take : 0.002601
ADDED ENTRY
Hunger: 100.000000,100.000000
Render Time take : 0.003313
ADDED ENTRY
Hunger: 100.000000,100.000000
Render Time take : 0.003287
ADDED ENTRY
Hunger: 100.000000,100.000000
Render Time take : 0.003832
ADDED ENTRY
Hunger: 100.000000,100.000000
Render Time take : 0.002642
ADDED ENTRY
Hunger: 100.000000,100.000000
Render Time take : 0.003616
ADDED ENTRY
Hunger: 100.000000,100.000000
Render Time take : 0.003288
ADDED ENTRY
Hunger: 100.000000,100.000000
Render Time take : 0.003391
ADDED ENTRY
Hunger: 100.000000,100.000000
Render Time take : 0.003689
ADDED ENTRY
Hunger: 100.000000,100.000000
Render Time take : 0.002610
ADDED ENTRY
Hunger: 100.000000,100.000000
Render Time take : 0.002581
ADDED ENTRY
Hunger: 100.000000,100.000000
Render Time take : 0.003417
ADDED ENTRY
Hunger: 100.000000,100.000000
Render Time take : 0.003659
ADDED ENTRY
Hunger: 100.000000,100.000000
Render Time take : 0.003628
ADDED ENTRY
Hunger: 100.000000,100.000000
Render Time take : 0.003402
ADDED ENTRY
Hunger: 100.000000,100.000000
Render Time take : 0.005551
ADDED ENTRY
Hunger: 100.000000,100.000000
Render Time take : 0.003197
ADDED ENTRY
Hunger: 100.000000,100.000000
Render Time take : 0.003089
ADDED ENTRY
Hunger: 100.000000,100.000000
Render Time take : 0.003697
ADDED ENTRY
Hunger: 100.000000,100.000000
Render Time take : 0.003588
ADDED ENTRY
Hunger: 100.000000,100.000000
Render Time take : 0.003901
ADDED ENTRY
Hunger: 100.000000,100.000000
Render Time take : 0.003349
ADDED ENTRY
Hunger: 100.000000,100.000000
Render Time take : 0.003209
ADDED ENTRY
Hunger: 100.000000,100.000000
Render Time take : 0.003480
ADDED ENTRY
Hunger: 100.000000,100.000000
Render Time take : 0.003123
ADDED ENTRY
Hunger: 100.000000,100.000000
Render Time take : 0.002486
ADDED ENTRY
Hunger: 100.000000,100.000000
Render Time take : 0.002521
ADDED ENTRY
Hunger: 100.000000,100.000000
Render Time take : 0.004301
ADDED ENTRY
Hunger: 100.000000,100.000000
Render Time take : 0.003565
ADDED ENTRY
Hunger: 100.000000,100.000000
Render Time take : 0.002774
ADDED ENTRY
Hunger: 100.000000,100.000000
Render Time take : 0.002612
ADDED ENTRY
Hunger: 100.000000,100.000000
Render Time take : 0.003714
ADDED ENTRY
Hunger: 100.000000,100.000000
Render Time take : 0.004371
ADDED ENTRY
Hunger: 100.000000,100.000000
Render Time take : 0.002524
ADDED ENTRY
Hunger: 100.000000,100.000000
Render Time take : 0.004267
ADDED ENTRY
Hunger: 100.000000,100.000000
Render Time take : 0.003017
ADDED ENTRY
Hunger: 100.000000,100.000000
Render Time take : 0.003279
ADDED ENTRY
Hunger: 100.000000,100.000000
Render Time take : 0.003390
ADDED ENTRY
Hunger: 100.000000,100.000000
Render Time take : 0.003595
ADDED ENTRY
Hunger: 100.000000,100.000000
Render Time take : 0.003568
ADDED ENTRY
Hunger: 100.000000,100.000000
Render Time take : 0.002923
ADDED ENTRY
Hunger: 100.000000,100.000000
Render Time take : 0.002463
ADDED ENTRY
Hunger: 100.000000,100.000000
Render Time take : 0.003207
ADDED ENTRY
Hunger: 100.000000,100.000000
Render Time take : 0.003321
ADDED ENTRY
Hunger: 100.000000,100.000000
Render Time take : 0.002662
ADDED ENTRY
Hunger: 100.000000,100.000000
Render Time take : 0.002674
ADDED ENTRY
Hunger: 100.000000,100.000000
Render Time take : 0.003945
ADDED ENTRY
Hunger: 100.000000,100.000000
Render Time take : 0.003895
ADDED ENTRY
Hunger: 100.000000,100.000000
Render Time take : 0.004287
ADDED ENTRY
Hunger: 100.000000,100.000000
Render Time take : 0.003668
ADDED ENTRY
Hunger: 100.000000,100.000000
Render Time take : 0.002896
ADDED ENTRY
Hunger: 100.000000,100.000000
Render Time take : 0.004139
ADDED ENTRY
Hunger: 100.000000,100.000000
Render Time take : 0.003735
ADDED ENTRY
Hunger: 100.000000,100.000000
Render Time take : 0.003040
ADDED ENTRY
Hunger: 100.000000,100.000000
Render Time take : 0.004290
ADDED ENTRY
Hunger: 100.000000,100.000000
Render Time take : 0.003024
ADDED ENTRY
Hunger: 100.000000,100.000000
Render Time take : 0.003416
ADDED ENTRY
Hunger: 100.000000,100.000000
Render Time take : 0.003810
ADDED ENTRY
Hunger: 100.000000,100.000000
Render Time take : 0.003730
ADDED ENTRY
Hunger: 100.000000,100.000000
Render Time take : 0.003777
ADDED ENTRY
Hunger: 100.000000,100.000000
Render Time take : 0.003362
ADDED ENTRY
Hunger: 100.000000,100.000000
Render Time take : 0.002953
ADDED ENTRY
Hunger: 100.000000,100.000000
Render Time take : 0.003032
ADDED ENTRY
Hunger: 100.000000,100.000000
Render Time take : 0.005144
ADDED ENTRY
Hunger: 100.000000,100.000000
Render Time take : 0.004722
ADDED ENTRY
Hunger: 100.000000,100.000000
Render Time take : 0.003022
ADDED ENTRY
Hunger: 100.000000,100.000000
Render Time take : 0.004398
ADDED ENTRY
Hunger: 100.000000,100.000000
Render Time take : 0.003949
ADDED ENTRY
Hunger: 100.000000,100.000000
Render Time take : 0.003709
ADDED ENTRY
Hunger: 100.000000,100.000000
Render Time take : 0.002998
ADDED ENTRY
Hunger: 100.000000,100.000000
Render Time take : 0.003280
ADDED ENTRY
Hunger: 100.000000,100.000000
Render Time take : 0.003726
ADDED ENTRY
Hunger: 100.000000,100.000000
Render Time take : 0.004199
ADDED ENTRY
Hunger: 100.000000,100.000000
Render Time take : 0.002784
ADDED ENTRY
Hunger: 100.000000,100.000000
Render Time take : 0.003422
ADDED ENTRY
Hunger: 100.000000,100.000000
Render Time take : 0.004379
ADDED ENTRY
Hunger: 100.000000,100.000000
Render Time take : 0.004055
ADDED ENTRY
Hunger: 100.000000,100.000000
Render Time take : 0.003349
ADDED ENTRY
Hunger: 100.000000,100.000000
Render Time take : 0.003919
ADDED ENTRY
Hunger: 100.000000,100.000000
Render Time take : 0.003730
ADDED ENTRY
Hunger: 100.000000,100.000000
Render Time take : 0.004110
ADDED ENTRY
Hunger: 100.000000,100.000000
Render Time take : 0.004002
ADDED ENTRY
Hunger: 100.000000,100.000000
Render Time take : 0.003442
ADDED ENTRY
Hunger: 100.000000,100.000000
Render Time take : 0.003541
ADDED ENTRY
Hunger: 100.000000,100.000000
Render Time take : 0.003157
ADDED ENTRY
Hunger: 100.000000,100.000000
Render Time take : 0.003549
ADDED ENTRY
Hunger: 100.000000,100.000000
Render Time take : 0.003436
ADDED ENTRY
Hunger: 100.000000,100.000000
Render Time take : 0.002648
ADDED ENTRY
Hunger: 100.000000,100.000000
Render Time take : 0.003543
ADDED ENTRY
Hunger: 100.000000,100.000000
Render Time take : 0.003484
ADDED ENTRY
Hunger: 100.000000,100.000000
Render Time take : 0.003831
ADDED ENTRY
Hunger: 100.000000,100.000000
Render Time take : 0.002883
ADDED ENTRY
Hunger: 100.000000,100.000000
Render Time take : 0.003437
ADDED ENTRY
Hunger: 100.000000,100.000000
Render Time take : 0.003745
ADDED ENTRY
Hunger: 100.000000,100.000000
Render Time take : 0.003402
ADDED ENTRY
Hunger: 100.000000,100.000000
Render Time take : 0.002782
ADDED ENTRY
Hunger: 100.000000,100.000000
Render Time take : 0.003799
ADDED ENTRY
Hunger: 100.000000,100.000000
Render Time take : 0.003328
ADDED ENTRY
Hunger: 100.000000,100.000000
Render Time take : 0.003575
ADDED ENTRY
Hunger: 100.000000,100.000000
Render Time take : 0.003244
ADDED ENTRY
Hunger: 100.000000,100.000000
Render Time take : 0.003809
ADDED ENTRY
Hunger: 100.000000,100.000000
Render Time take : 0.003061
ADDED ENTRY
Hunger: 100.000000,100.000000
Render Time take : 0.002556
ADDED ENTRY
Hunger: 100.000000,100.000000
Render Time take : 0.003281
ADDED ENTRY
Hunger: 100.000000,100.000000
Render Time take : 0.003780
ADDED ENTRY
Hunger: 100.000000,100.000000
Render Time take : 0.003352
ADDED ENTRY
Hunger: 100.000000,100.000000
Render Time take : 0.003021
ADDED ENTRY
Hunger: 100.000000,100.000000
Render Time take : 0.004365
ADDED ENTRY
Hunger: 100.000000,100.000000
Render Time take : 0.002761
ADDED ENTRY
Hunger: 100.000000,100.000000
Render Time take : 0.002622
ADDED ENTRY
Hunger: 100.000000,100.000000
Render Time take : 0.002947
ADDED ENTRY
Hunger: 100.000000,100.000000
Render Time take : 0.003890
ADDED ENTRY
Hunger: 100.000000,100.000000
Render Time take : 0.003911
ADDED ENTRY
Hunger: 100.000000,100.000000
Render Time take : 0.002703
ADDED ENTRY
Hunger: 100.000000,100.000000
Render Time take : 0.003774
ADDED ENTRY
Hunger: 100.000000,100.000000
Render Time take : 0.003224
ADDED ENTRY
Hunger: 100.000000,100.000000
Render Time take : 0.004468
ADDED ENTRY
Hunger: 100.000000,100.000000
Render Time take : 0.004003
ADDED ENTRY
Hunger: 100.000000,100.000000
Render Time take : 0.002934
ADDED ENTRY
Hunger: 100.000000,100.000000
Render Time take : 0.002625
ADDED ENTRY
Hunger: 100.000000,100.000000
Render Time take : 0.003869
ADDED ENTRY
Hunger: 100.000000,100.000000
Render Time take : 0.003513
ADDED ENTRY
Hunger: 100.000000,100.000000
Render Time take : 0.003350
ADDED ENTRY
Hunger: 100.000000,100.000000
Render Time take : 0.002557
ADDED ENTRY
Hunger: 100.000000,100.000000
Render Time take : 0.003528
ADDED ENTRY
Hunger: 100.000000,100.000000
Render Time take : 0.003187
ADDED ENTRY
Hunger: 100.000000,100.000000
Render Time take : 0.003750
ADDED ENTRY
Hunger: 100.000000,100.000000
Render Time take : 0.003263
ADDED ENTRY
Hunger: 100.000000,100.000000
Render Time take : 0.003276
ADDED ENTRY
Hunger: 100.000000,100.000000
Render Time take : 0.003527
ADDED ENTRY
Hunger: 100.000000,100.000000
Render Time take : 0.002925
ADDED ENTRY
Hunger: 100.000000,100.000000
Render Time take : 0.003500
ADDED ENTRY
Hunger: 100.000000,100.000000
Render Time take : 0.003281
ADDED ENTRY
Hunger: 100.000000,100.000000
Render Time take : 0.003363
ADDED ENTRY
Hunger: 100.000000,100.000000
Render Time take : 0.002836
ADDED ENTRY
Hunger: 100.000000,100.000000
Render Time take : 0.002497
ADDED ENTRY
Hunger: 100.000000,100.000000
Render Time take : 0.004450
ADDED ENTRY
Hunger: 100.000000,100.000000
Render Time take : 0.003340
ADDED ENTRY
Hunger: 100.000000,100.000000
Render Time take : 0.003853
ADDED ENTRY
Hunger: 100.000000,100.000000
Render Time take : 0.003130
ADDED ENTRY
Hunger: 100.000000,100.000000
Render Time take : 0.002993
ADDED ENTRY
Hunger: 100.000000,100.000000
Render Time take : 0.003831
ADDED ENTRY
Hunger: 100.000000,100.000000
Render Time take : 0.003252
ADDED ENTRY
Hunger: 100.000000,100.000000
Render Time take : 0.002525
ADDED ENTRY
Hunger: 100.000000,100.000000
Render Time take : 0.003938
ADDED ENTRY
Hunger: 100.000000,100.000000
Render Time take : 0.002816
ADDED ENTRY
Hunger: 100.000000,100.000000
Render Time take : 0.003342
ADDED ENTRY
Hunger: 100.000000,100.000000
Render Time take : 0.003349
ADDED ENTRY
Hunger: 100.000000,100.000000
Render Time take : 0.003054
ADDED ENTRY
Hunger: 100.000000,100.000000
Render Time take : 0.002639
ADDED ENTRY
Hunger: 100.000000,100.000000
Render Time take : 0.003384
ADDED ENTRY
Hunger: 100.000000,100.000000
Render Time take : 0.003954
ADDED ENTRY
Hunger: 100.000000,100.000000
Render Time take : 0.003177
ADDED ENTRY
Hunger: 100.000000,100.000000
Render Time take : 0.003647
ADDED ENTRY
Hunger: 100.000000,100.000000
Render Time take : 0.003756
ADDED ENTRY
Hunger: 100.000000,100.000000
Render Time take : 0.003669
ADDED ENTRY
Hunger: 100.000000,100.000000
Render Time take : 0.002550
ADDED ENTRY
Hunger: 100.000000,100.000000
Render Time take : 0.003792
ADDED ENTRY
Hunger: 100.000000,100.000000
Render Time take : 0.003836
ADDED ENTRY
Hunger: 100.000000,100.000000
Render Time take : 0.004237
ADDED ENTRY
Hunger: 100.000000,100.000000
Render Time take : 0.002838
ADDED ENTRY
Hunger: 100.000000,100.000000
Render Time take : 0.002859
ADDED ENTRY
Hunger: 100.000000,100.000000
Render Time take : 0.004246
ADDED ENTRY
Hunger: 100.000000,100.000000
Render Time take : 0.003666
ADDED ENTRY
Hunger: 100.000000,100.000000
Render Time take : 0.002803
ADDED ENTRY
Hunger: 100.000000,100.000000
Render Time take : 0.003408
ADDED ENTRY
Hunger: 100.000000,100.000000
Render Time take : 0.003641
ADDED ENTRY
Hunger: 100.000000,100.000000
Render Time take : 0.003622
ADDED ENTRY
Hunger: 100.000000,100.000000
Render Time take : 0.003093
ADDED ENTRY
Hunger: 100.000000,100.000000
Render Time take : 0.002661
ADDED ENTRY
Hunger: 100.000000,100.000000
Render Time take : 0.004027
ADDED ENTRY
Hunger: 100.000000,100.000000
Render Time take : 0.002991
ADDED ENTRY
Hunger: 100.000000,100.000000
Render Time take : 0.003074
ADDED ENTRY
Hunger: 100.000000,100.000000
Render Time take : 0.003563
ADDED ENTRY
Hunger: 100.000000,100.000000
Render Time take : 0.004606
ADDED ENTRY
Hunger: 100.000000,100.000000
Render Time take : 0.003306
ADDED ENTRY
Hunger: 100.000000,100.000000
Render Time take : 0.002450
ADDED ENTRY
Hunger: 100.000000,100.000000
Render Time take : 0.002880
ADDED ENTRY
Hunger: 100.000000,100.000000
Render Time take : 0.004202
ADDED ENTRY
Hunger: 100.000000,100.000000
Render Time take : 0.002610
ADDED ENTRY
Hunger: 100.000000,100.000000
Render Time take : 0.003897
ADDED ENTRY
Hunger: 100.000000,100.000000
Render Time take : 0.003946
ADDED ENTRY
Hunger: 100.000000,100.000000
Render Time take : 0.003221
ADDED ENTRY
Hunger: 100.000000,100.000000
Render Time take : 0.003005
ADDED ENTRY
Hunger: 100.000000,100.000000
Render Time take : 0.003127
ADDED ENTRY
Hunger: 100.000000,100.000000
Render Time take : 0.003814
ADDED ENTRY
Hunger: 100.000000,100.000000
Render Time take : 0.002739
ADDED ENTRY
Hunger: 100.000000,100.000000
Render Time take : 0.002594
ADDED ENTRY
Hunger: 100.000000,100.000000
Render Time take : 0.003650
ADDED ENTRY
Hunger: 100.000000,100.000000
Render Time take : 0.004608
ADDED ENTRY
Hunger: 100.000000,100.000000
Render Time take : 0.004069
ADDED ENTRY
Hunger: 100.000000,100.000000
Render Time take : 0.003718
ADDED ENTRY
Hunger: 100.000000,100.000000
Render Time take : 0.002473
ADDED ENTRY
Hunger: 100.000000,100.000000
Render Time take : 0.004120
ADDED ENTRY
Hunger: 100.000000,100.000000
Render Time take : 0.003998
ADDED ENTRY
Hunger: 100.000000,100.000000
Render Time take : 0.003169
ADDED ENTRY
Hunger: 100.000000,100.000000
Render Time take : 0.003980
ADDED ENTRY
Hunger: 100.000000,100.000000
Render Time take : 0.004243
ADDED ENTRY
Hunger: 100.000000,100.000000
Render Time take : 0.002555
ADDED ENTRY
Hunger: 100.000000,100.000000
Render Time take : 0.003853
ADDED ENTRY
Hunger: 100.000000,100.000000
Render Time take : 0.003137
ADDED ENTRY
Hunger: 100.000000,100.000000
Render Time take : 0.003086
ADDED ENTRY
Hunger: 100.000000,100.000000
Render Time take : 0.003105
ADDED ENTRY
Hunger: 100.000000,100.000000
Render Time take : 0.002682
ADDED ENTRY
Hunger: 100.000000,100.000000
Render Time take : 0.004626
ADDED ENTRY
Hunger: 100.000000,100.000000
Render Time take : 0.004205
ADDED ENTRY
Hunger: 100.000000,100.000000
Render Time take : 0.003135
ADDED ENTRY
Hunger: 100.000000,100.000000
Render Time take : 0.003224
ADDED ENTRY
Hunger: 100.000000,100.000000
Render Time take : 0.004281
ADDED ENTRY
Hunger: 100.000000,100.000000
Render Time take : 0.003504
ADDED ENTRY
Hunger: 100.000000,100.000000
Render Time take : 0.002702
ADDED ENTRY
Hunger: 100.000000,100.000000
Render Time take : 0.004131
ADDED ENTRY
Hunger: 100.000000,100.000000
Render Time take : 0.003775
ADDED ENTRY
Hunger: 100.000000,100.000000
Render Time take : 0.002650
ADDED ENTRY
Hunger: 100.000000,100.000000
Render Time take : 0.004514
ADDED ENTRY
Hunger: 100.000000,100.000000
Render Time take : 0.002936
ADDED ENTRY
Hunger: 100.000000,100.000000
Render Time take : 0.004113
ADDED ENTRY
Hunger: 100.000000,100.000000
Render Time take : 0.003760
ADDED ENTRY
Hunger: 100.000000,100.000000
Render Time take : 0.003910
ADDED ENTRY
Hunger: 100.000000,100.000000
Render Time take : 0.003843
ADDED ENTRY
Hunger: 100.000000,100.000000
Render Time take : 0.003485
ADDED ENTRY
Hunger: 100.000000,100.000000
Render Time take : 0.002747
ADDED ENTRY
Hunger: 100.000000,100.000000
Render Time take : 0.002705
ADDED ENTRY
Hunger: 100.000000,100.000000
Render Time take : 0.003763
ADDED ENTRY
Hunger: 100.000000,100.000000
Render Time take : 0.003433
ADDED ENTRY
Hunger: 100.000000,100.000000
Render Time take : 0.003194
ADDED ENTRY
Hunger: 100.000000,100.000000
Render Time take : 0.004107
ADDED ENTRY
Hunger: 100.000000,100.000000
Render Time take : 0.004013
ADDED ENTRY
Hunger: 100.000000,100.000000
Render Time take : 0.002518
ADDED ENTRY
Hunger: 100.000000,100.000000
Render Time take : 0.004270
ADDED ENTRY
Hunger: 100.000000,100.000000
Render Time take : 0.003271
ADDED ENTRY
Hunger: 100.000000,100.000000
Render Time take : 0.003618
ADDED ENTRY
Hunger: 100.000000,100.000000
Render Time take : 0.002560
ADDED ENTRY
Hunger: 100.000000,100.000000
Render Time take : 0.004025
ADDED ENTRY
Hunger: 100.000000,100.000000
Render Time take : 0.003079
ADDED ENTRY
Hunger: 100.000000,100.000000
Render Time take : 0.003828
ADDED ENTRY
Hunger: 100.000000,100.000000
Render Time take : 0.003521
ADDED ENTRY
Hunger: 100.000000,100.000000
Render Time take : 0.003771
ADDED ENTRY
Hunger: 100.000000,100.000000
Render Time take : 0.003909
ADDED ENTRY
Hunger: 100.000000,100.000000
Render Time take : 0.002110
ADDED ENTRY
Hunger: 100.000000,100.000000
Render Time take : 0.001860
ADDED ENTRY
Hunger: 100.000000,100.000000
Render Time take : 0.002691
ADDED ENTRY
Hunger: 100.000000,100.000000
Render Time take : 0.003397
ADDED ENTRY
Hunger: 100.000000,100.000000
Render Time take : 0.002679
ADDED ENTRY
Hunger: 100.000000,100.000000
Render Time take : 0.004163
ADDED ENTRY
Hunger: 100.000000,100.000000
Render Time take : 0.004666
ADDED ENTRY
Hunger: 100.000000,100.000000
Render Time take : 0.004273
ADDED ENTRY
Hunger: 100.000000,100.000000
Render Time take : 0.002645
ADDED ENTRY
Hunger: 100.000000,100.000000
Render Time take : 0.003474
ADDED ENTRY
Hunger: 100.000000,100.000000
Render Time take : 0.003947
ADDED ENTRY
Hunger: 100.000000,100.000000
Render Time take : 0.003595
ADDED ENTRY
Hunger: 100.000000,100.000000
Render Time take : 0.003857
ADDED ENTRY
Hunger: 100.000000,100.000000
Render Time take : 0.003647
ADDED ENTRY
Hunger: 100.000000,100.000000
Render Time take : 0.003024
ADDED ENTRY
Hunger: 100.000000,100.000000
Render Time take : 0.002525
ADDED ENTRY
Hunger: 100.000000,100.000000
Render Time take : 0.002606
ADDED ENTRY
Hunger: 100.000000,100.000000
Render Time take : 0.003290
ADDED ENTRY
Hunger: 100.000000,100.000000
Render Time take : 0.003970
ADDED ENTRY
Hunger: 100.000000,100.000000
Render Time take : 0.003424
ADDED ENTRY
Hunger: 100.000000,100.000000
Render Time take : 0.002866
ADDED ENTRY
Hunger: 100.000000,100.000000
Render Time take : 0.003850
ADDED ENTRY
Hunger: 100.000000,100.000000
Render Time take : 0.003073
ADDED ENTRY
Hunger: 100.000000,100.000000
Render Time take : 0.003287
ADDED ENTRY
Hunger: 100.000000,100.000000
Render Time take : 0.004409
ADDED ENTRY
Hunger: 100.000000,100.000000
Render Time take : 0.002900
ADDED ENTRY
Hunger: 100.000000,100.000000
Render Time take : 0.002876
ADDED ENTRY
Hunger: 100.000000,100.000000
Render Time take : 0.002738
ADDED ENTRY
Hunger: 100.000000,100.000000
Render Time take : 0.002897
ADDED ENTRY
Hunger: 100.000000,100.000000
Render Time take : 0.003142
ADDED ENTRY
Hunger: 100.000000,100.000000
Render Time take : 0.003910
ADDED ENTRY
Hunger: 100.000000,100.000000
Render Time take : 0.003110
ADDED ENTRY
Hunger: 100.000000,100.000000
Render Time take : 0.002658
ADDED ENTRY
Hunger: 100.000000,100.000000
Render Time take : 0.002578
ADDED ENTRY
Hunger: 100.000000,100.000000
Render Time take : 0.003520
ADDED ENTRY
Hunger: 100.000000,100.000000
Render Time take : 0.003861
ADDED ENTRY
Hunger: 100.000000,100.000000
Render Time take : 0.003485
ADDED ENTRY
Hunger: 100.000000,100.000000
Render Time take : 0.003407
ADDED ENTRY
Hunger: 100.000000,100.000000
Render Time take : 0.002869
ADDED ENTRY
Hunger: 100.000000,100.000000
Render Time take : 0.002684
ADDED ENTRY
Hunger: 100.000000,100.000000
Render Time take : 0.003748
ADDED ENTRY
Hunger: 100.000000,100.000000
Render Time take : 0.003480
ADDED ENTRY
Hunger: 100.000000,100.000000
Render Time take : 0.003312
ADDED ENTRY
Hunger: 100.000000,100.000000
Render Time take : 0.003873
ADDED ENTRY
Hunger: 100.000000,100.000000
Render Time take : 0.003027
ADDED ENTRY
Hunger: 100.000000,100.000000
Render Time take : 0.003022
ADDED ENTRY
Hunger: 100.000000,100.000000
Render Time take : 0.004377
ADDED ENTRY
Hunger: 100.000000,100.000000
Render Time take : 0.003840
ADDED ENTRY
Hunger: 100.000000,100.000000
Render Time take : 0.003423
ADDED ENTRY
Hunger: 100.000000,100.000000
Render Time take : 0.002628
ADDED ENTRY
Hunger: 100.000000,100.000000
Render Time take : 0.004352
ADDED ENTRY
Hunger: 100.000000,100.000000
Render Time take : 0.003987
ADDED ENTRY
Hunger: 100.000000,100.000000
Render Time take : 0.003592
ADDED ENTRY
Hunger: 100.000000,100.000000
Render Time take : 0.003562
ADDED ENTRY
Hunger: 100.000000,100.000000
Render Time take : 0.003290
ADDED ENTRY
Hunger: 100.000000,100.000000
Render Time take : 0.002715
ADDED ENTRY
Hunger: 100.000000,100.000000
Render Time take : 0.003471
ADDED ENTRY
Hunger: 100.000000,100.000000
Render Time take : 0.002867
ADDED ENTRY
Hunger: 100.000000,100.000000
Render Time take : 0.004326
ADDED ENTRY
Hunger: 100.000000,100.000000
Render Time take : 0.003561
ADDED ENTRY
Hunger: 100.000000,100.000000
Render Time take : 0.003196
ADDED ENTRY
Hunger: 100.000000,100.000000
Render Time take : 0.003185
ADDED ENTRY
Hunger: 100.000000,100.000000
Render Time take : 0.004431
ADDED ENTRY
Hunger: 100.000000,100.000000
Render Time take : 0.002915
ADDED ENTRY
Hunger: 100.000000,100.000000
Render Time take : 0.004379
ADDED ENTRY
Hunger: 100.000000,100.000000
Render Time take : 0.003520
ADDED ENTRY
Hunger: 100.000000,100.000000
Render Time take : 0.003083
ADDED ENTRY
Hunger: 100.000000,100.000000
Render Time take : 0.004167
ADDED ENTRY
Hunger: 100.000000,100.000000
Render Time take : 0.003814
ADDED ENTRY
Hunger: 100.000000,100.000000
Render Time take : 0.003746
ADDED ENTRY
Hunger: 100.000000,100.000000
Render Time take : 0.004224
ADDED ENTRY
Hunger: 100.000000,100.000000
Render Time take : 0.003298
ADDED ENTRY
Hunger: 100.000000,100.000000
Render Time take : 0.003330
ADDED ENTRY
Hunger: 100.000000,100.000000
Render Time take : 0.005167
ADDED ENTRY
Hunger: 100.000000,100.000000
Render Time take : 0.000780
ADDED ENTRY
Hunger: 100.000000,100.000000
Render Time take : 0.002402
ADDED ENTRY
Hunger: 100.000000,100.000000
Render Time take : 0.002931
ADDED ENTRY
Hunger: 100.000000,100.000000
Render Time take : 0.003785
ADDED ENTRY
Hunger: 100.000000,100.000000
Render Time take : 0.003728
ADDED ENTRY
Hunger: 100.000000,100.000000
Render Time take : 0.003835
ADDED ENTRY
Hunger: 100.000000,100.000000
Render Time take : 0.003669
ADDED ENTRY
Hunger: 100.000000,100.000000
Render Time take : 0.004337
ADDED ENTRY
Hunger: 100.000000,100.000000
Render Time take : 0.004340
ADDED ENTRY
Hunger: 100.000000,100.000000
Render Time take : 0.003994
ADDED ENTRY
Hunger: 100.000000,100.000000
Render Time take : 0.003673
ADDED ENTRY
Hunger: 100.000000,100.000000
Render Time take : 0.003742
ADDED ENTRY
Hunger: 100.000000,100.000000
Render Time take : 0.003547
ADDED ENTRY
Hunger: 100.000000,100.000000
Render Time take : 0.004390
ADDED ENTRY
Hunger: 100.000000,100.000000
Render Time take : 0.002735
ADDED ENTRY
Hunger: 100.000000,100.000000
Render Time take : 0.004081
ADDED ENTRY
Hunger: 100.000000,100.000000
Render Time take : 0.003465
ADDED ENTRY
Hunger: 100.000000,100.000000
Render Time take : 0.003384
ADDED ENTRY
Hunger: 100.000000,100.000000
Render Time take : 0.004299
ADDED ENTRY
Hunger: 100.000000,100.000000
Render Time take : 0.004794
ADDED ENTRY
Hunger: 100.000000,100.000000
Render Time take : 0.003836
ADDED ENTRY
Hunger: 100.000000,100.000000
Render Time take : 0.003607
ADDED ENTRY
Hunger: 100.000000,100.000000
Render Time take : 0.003348
ADDED ENTRY
Hunger: 100.000000,100.000000
Render Time take : 0.003051
ADDED ENTRY
Hunger: 100.000000,100.000000
Render Time take : 0.002712
ADDED ENTRY
Hunger: 100.000000,100.000000
Render Time take : 0.004385
ADDED ENTRY
Hunger: 100.000000,100.000000
Render Time take : 0.003648
ADDED ENTRY
Hunger: 100.000000,100.000000
Render Time take : 0.002729
ADDED ENTRY
Hunger: 100.000000,100.000000
Render Time take : 0.003537
ADDED ENTRY
Hunger: 100.000000,100.000000
Render Time take : 0.003319
ADDED ENTRY
Hunger: 100.000000,100.000000
Render Time take : 0.004468
ADDED ENTRY
Hunger: 100.000000,100.000000
Render Time take : 0.004070
ADDED ENTRY
Hunger: 100.000000,100.000000
Render Time take : 0.002611
ADDED ENTRY
Hunger: 100.000000,100.000000
Render Time take : 0.003777
ADDED ENTRY
Hunger: 100.000000,100.000000
Render Time take : 0.004274
ADDED ENTRY
Hunger: 100.000000,100.000000
Render Time take : 0.003689
ADDED ENTRY
Hunger: 100.000000,100.000000
Render Time take : 0.002796
ADDED ENTRY
Hunger: 100.000000,100.000000
Render Time take : 0.003015
ADDED ENTRY
Hunger: 100.000000,100.000000
Render Time take : 0.003501
ADDED ENTRY
Hunger: 100.000000,100.000000
Render Time take : 0.002757
ADDED ENTRY
Hunger: 100.000000,100.000000
Render Time take : 0.004362
ADDED ENTRY
Hunger: 100.000000,100.000000
Render Time take : 0.003325
ADDED ENTRY
Hunger: 100.000000,100.000000
Render Time take : 0.003200
ADDED ENTRY
Hunger: 100.000000,100.000000
Render Time take : 0.003775
ADDED ENTRY
Hunger: 100.000000,100.000000
Render Time take : 0.003703
ADDED ENTRY
Hunger: 100.000000,100.000000
Render Time take : 0.002836
ADDED ENTRY
Hunger: 100.000000,100.000000
Render Time take : 0.003619
ADDED ENTRY
Hunger: 100.000000,100.000000
Render Time take : 0.003767
ADDED ENTRY
Hunger: 100.000000,100.000000
Render Time take : 0.002412
ADDED ENTRY
Hunger: 100.000000,100.000000
Render Time take : 0.003722
ADDED ENTRY
Hunger: 100.000000,100.000000
Render Time take : 0.002948
ADDED ENTRY
Hunger: 100.000000,100.000000
Render Time take : 0.003335
ADDED ENTRY
Hunger: 100.000000,100.000000
Render Time take : 0.003453
ADDED ENTRY
Hunger: 100.000000,100.000000
Render Time take : 0.003138
ADDED ENTRY
Hunger: 100.000000,100.000000
Render Time take : 0.003975
ADDED ENTRY
Hunger: 100.000000,100.000000
Render Time take : 0.004327
ADDED ENTRY
Hunger: 100.000000,100.000000
Render Time take : 0.003584
ADDED ENTRY
Hunger: 100.000000,100.000000
Render Time take : 0.003703
ADDED ENTRY
Hunger: 100.000000,100.000000
Render Time take : 0.003671
ADDED ENTRY
Hunger: 100.000000,100.000000
Render Time take : 0.003747
ADDED ENTRY
Hunger: 100.000000,100.000000
Render Time take : 0.003959
ADDED ENTRY
Hunger: 100.000000,100.000000
Render Time take : 0.003208
ADDED ENTRY
Hunger: 100.000000,100.000000
Render Time take : 0.003625
ADDED ENTRY
Hunger: 100.000000,100.000000
Render Time take : 0.002686
ADDED ENTRY
Hunger: 100.000000,100.000000
Render Time take : 0.003838
ADDED ENTRY
Hunger: 100.000000,100.000000
Render Time take : 0.003100
ADDED ENTRY
Hunger: 100.000000,100.000000
Render Time take : 0.003495
ADDED ENTRY
Hunger: 100.000000,100.000000
Render Time take : 0.003907
ADDED ENTRY
Hunger: 100.000000,100.000000
Render Time take : 0.003660
ADDED ENTRY
Hunger: 100.000000,100.000000
Render Time take : 0.002748
ADDED ENTRY
Hunger: 100.000000,100.000000
Render Time take : 0.002763
ADDED ENTRY
Hunger: 100.000000,100.000000
Render Time take : 0.003567
ADDED ENTRY
Hunger: 100.000000,100.000000
Render Time take : 0.003154
ADDED ENTRY
Hunger: 100.000000,100.000000
Render Time take : 0.002519
ADDED ENTRY
Hunger: 100.000000,100.000000
Render Time take : 0.003728
ADDED ENTRY
Hunger: 100.000000,100.000000
Render Time take : 0.003327
ADDED ENTRY
Hunger: 100.000000,100.000000
Render Time take : 0.003265
ADDED ENTRY
Hunger: 100.000000,100.000000
Render Time take : 0.002755
ADDED ENTRY
Hunger: 100.000000,100.000000
Render Time take : 0.003612
ADDED ENTRY
Hunger: 100.000000,100.000000
Render Time take : 0.003662
ADDED ENTRY
Hunger: 100.000000,100.000000
Render Time take : 0.003869
ADDED ENTRY
Hunger: 100.000000,100.000000
Render Time take : 0.003108
ADDED ENTRY
Hunger: 100.000000,100.000000
Render Time take : 0.002529
ADDED ENTRY
Hunger: 100.000000,100.000000
Render Time take : 0.002930
ADDED ENTRY
Hunger: 100.000000,100.000000
Render Time take : 0.003864
ADDED ENTRY
Hunger: 100.000000,100.000000
Render Time take : 0.004069
ADDED ENTRY
Hunger: 100.000000,100.000000
Render Time take : 0.002903
ADDED ENTRY
Hunger: 100.000000,100.000000
Render Time take : 0.002678
ADDED ENTRY
Hunger: 100.000000,100.000000
Render Time take : 0.002738
ADDED ENTRY
Hunger: 100.000000,100.000000
Render Time take : 0.003994
ADDED ENTRY
Hunger: 100.000000,100.000000
Render Time take : 0.003686
ADDED ENTRY
Hunger: 100.000000,100.000000
Render Time take : 0.002728
ADDED ENTRY
Hunger: 100.000000,100.000000
Render Time take : 0.003053
ADDED ENTRY
Hunger: 100.000000,100.000000
Render Time take : 0.004273
ADDED ENTRY
Hunger: 100.000000,100.000000
Render Time take : 0.003226
ADDED ENTRY
Hunger: 100.000000,100.000000
Render Time take : 0.002885
ADDED ENTRY
Hunger: 100.000000,100.000000
Render Time take : 0.003878
ADDED ENTRY
Hunger: 100.000000,100.000000
Render Time take : 0.002480
ADDED ENTRY
Hunger: 100.000000,100.000000
Render Time take : 0.004161
ADDED ENTRY
Hunger: 100.000000,100.000000
Render Time take : 0.003279
ADDED ENTRY
Hunger: 100.000000,100.000000
Render Time take : 0.002669
ADDED ENTRY
Hunger: 100.000000,100.000000
Render Time take : 0.004022
ADDED ENTRY
Hunger: 100.000000,100.000000
Render Time take : 0.002950
ADDED ENTRY
Hunger: 100.000000,100.000000
Render Time take : 0.003397
ADDED ENTRY
Hunger: 100.000000,100.000000
Render Time take : 0.001517
ADDED ENTRY
Hunger: 100.000000,100.000000
Render Time take : 0.001631
ADDED ENTRY
Hunger: 100.000000,100.000000
Render Time take : 0.001566
ADDED ENTRY
Hunger: 100.000000,100.000000
Render Time take : 0.001896
ADDED ENTRY
Hunger: 100.000000,100.000000
Render Time take : 0.002901
ADDED ENTRY
Hunger: 100.000000,100.000000
Render Time take : 0.002568
ADDED ENTRY
Hunger: 100.000000,100.000000
Render Time take : 0.003245
ADDED ENTRY
Hunger: 100.000000,100.000000
Render Time take : 0.003250
ADDED ENTRY
Hunger: 100.000000,100.000000
Render Time take : 0.003791
ADDED ENTRY
Hunger: 100.000000,100.000000
Render Time take : 0.004273
ADDED ENTRY
Hunger: 100.000000,100.000000
Render Time take : 0.003474
ADDED ENTRY
Hunger: 100.000000,100.000000
Render Time take : 0.002746
ADDED ENTRY
Hunger: 100.000000,100.000000
Render Time take : 0.002852
ADDED ENTRY
Hunger: 100.000000,100.000000
Render Time take : 0.004231
ADDED ENTRY
Hunger: 100.000000,100.000000
Render Time take : 0.003111
ADDED ENTRY
Hunger: 100.000000,100.000000
Render Time take : 0.002861
ADDED ENTRY
Hunger: 100.000000,100.000000
Render Time take : 0.002756
ADDED ENTRY
Hunger: 100.000000,100.000000
Render Time take : 0.004381
ADDED ENTRY
Hunger: 100.000000,100.000000
Render Time take : 0.003847
ADDED ENTRY
Hunger: 100.000000,100.000000
Render Time take : 0.003396
ADDED ENTRY
Hunger: 100.000000,100.000000
Render Time take : 0.002716
ADDED ENTRY
Hunger: 100.000000,100.000000
Render Time take : 0.003521
ADDED ENTRY
Hunger: 100.000000,100.000000
Render Time take : 0.003630
ADDED ENTRY
Hunger: 100.000000,100.000000
Render Time take : 0.002868
ADDED ENTRY
Hunger: 100.000000,100.000000
Render Time take : 0.002562
ADDED ENTRY
Hunger: 100.000000,100.000000
Render Time take : 0.004168
ADDED ENTRY
Hunger: 100.000000,100.000000
Render Time take : 0.003607
ADDED ENTRY
Hunger: 100.000000,100.000000
Render Time take : 0.002553
ADDED ENTRY
Hunger: 100.000000,100.000000
Render Time take : 0.004146
ADDED ENTRY
Hunger: 100.000000,100.000000
Render Time take : 0.004485
ADDED ENTRY
Hunger: 100.000000,100.000000
Render Time take : 0.002980
ADDED ENTRY
Hunger: 100.000000,100.000000
Render Time take : 0.004265
ADDED ENTRY
Hunger: 100.000000,100.000000
Render Time take : 0.003683
ADDED ENTRY
Hunger: 100.000000,100.000000
Render Time take : 0.003747
ADDED ENTRY
Hunger: 100.000000,100.000000
Render Time take : 0.002502
ADDED ENTRY
Hunger: 100.000000,100.000000
Render Time take : 0.002533
ADDED ENTRY
Hunger: 100.000000,100.000000
Render Time take : 0.002575
ADDED ENTRY
Hunger: 100.000000,100.000000
Render Time take : 0.004136
ADDED ENTRY
Hunger: 100.000000,100.000000
Render Time take : 0.003347
ADDED ENTRY
Hunger: 100.000000,100.000000
Render Time take : 0.003675
ADDED ENTRY
Hunger: 100.000000,100.000000
Render Time take : 0.003570
ADDED ENTRY
Hunger: 100.000000,100.000000
Render Time take : 0.003593
ADDED ENTRY
Hunger: 100.000000,100.000000
Render Time take : 0.002961
ADDED ENTRY
Hunger: 100.000000,100.000000
Render Time take : 0.002740
ADDED ENTRY
Hunger: 100.000000,100.000000
Render Time take : 0.003645
ADDED ENTRY
Hunger: 100.000000,100.000000
Render Time take : 0.004388
ADDED ENTRY
Hunger: 100.000000,100.000000
Render Time take : 0.066672
ADDED ENTRY
Hunger: 100.000000,100.000000
Render Time take : 0.041453
ADDED ENTRY
Hunger: 100.000000,100.000000
Render Time take : 0.038828
ADDED ENTRY
Hunger: 100.000000,100.000000
Render Time take : 0.034731
ADDED ENTRY
Hunger: 100.000000,100.000000
Render Time take : 0.033730
ADDED ENTRY
Hunger: 100.000000,100.000000
Render Time take : 0.033999
ADDED ENTRY
Hunger: 100.000000,100.000000
Render Time take : 0.033687
ADDED ENTRY
Hunger: 100.000000,100.000000
Render Time take : 0.033680
ADDED ENTRY
Hunger: 100.000000,100.000000
Render Time take : 0.033658
ADDED ENTRY
Hunger: 100.000000,100.000000
Render Time take : 0.033892
ADDED ENTRY
Hunger: 100.000000,100.000000
Render Time take : 0.033740
ADDED ENTRY
Hunger: 100.000000,100.000000
Render Time take : 0.033704
ADDED ENTRY
Hunger: 100.000000,100.000000
Render Time take : 0.033796
ADDED ENTRY
Hunger: 100.000000,100.000000
Render Time take : 0.033941
ADDED ENTRY
Hunger: 100.000000,100.000000
Render Time take : 0.033556
ADDED ENTRY
Hunger: 100.000000,100.000000
Render Time take : 0.033732
ADDED ENTRY
Hunger: 100.000000,100.000000
Render Time take : 0.033759
ADDED ENTRY
Hunger: 100.000000,100.000000
Render Time take : 0.033657
ADDED ENTRY
Hunger: 100.000000,100.000000
Render Time take : 0.033635
ADDED ENTRY
Hunger: 100.000000,100.000000
Render Time take : 0.033574
ADDED ENTRY
Hunger: 100.000000,100.000000
Render Time take : 0.034547
ADDED ENTRY
Hunger: 100.000000,100.000000
Render Time take : 0.033595
ADDED ENTRY
Hunger: 100.000000,100.000000
Render Time take : 0.033805
ADDED ENTRY
Hunger: 100.000000,100.000000
Render Time take : 0.033834
ADDED ENTRY
Hunger: 100.000000,100.000000
Render Time take : 0.033582
ADDED ENTRY
Hunger: 100.000000,100.000000
Render Time take : 0.033952
ADDED ENTRY
Hunger: 100.000000,100.000000
Render Time take : 0.033745
ADDED ENTRY
Hunger: 100.000000,100.000000
Render Time take : 0.033653
ADDED ENTRY
Hunger: 100.000000,100.000000
Render Time take : 0.033712
ADDED ENTRY
Hunger: 100.000000,100.000000
Render Time take : 0.033770
ADDED ENTRY
Hunger: 100.000000,100.000000
Render Time take : 0.033652
ADDED ENTRY
Hunger: 100.000000,100.000000
Render Time take : 0.033851
ADDED ENTRY
Hunger: 100.000000,100.000000
Render Time take : 0.033659
ADDED ENTRY
Hunger: 100.000000,100.000000
Render Time take : 0.033900
ADDED ENTRY
Hunger: 100.000000,100.000000
Render Time take : 0.033697
ADDED ENTRY
Hunger: 100.000000,100.000000
Render Time take : 0.033737
ADDED ENTRY
Hunger: 100.000000,100.000000
Render Time take : 0.033547
ADDED ENTRY
Hunger: 100.000000,100.000000
Render Time take : 0.033692
ADDED ENTRY
Hunger: 100.000000,100.000000
Render Time take : 0.033787
ADDED ENTRY
Hunger: 100.000000,100.000000
Render Time take : 0.034058
ADDED ENTRY
Hunger: 100.000000,100.000000
Render Time take : 0.033659
ADDED ENTRY
Hunger: 100.000000,100.000000
Render Time take : 0.033859
ADDED ENTRY
Hunger: 100.000000,100.000000
Render Time take : 0.033611
ADDED ENTRY
Hunger: 100.000000,100.000000
Render Time take : 0.033650
ADDED ENTRY
Hunger: 100.000000,100.000000
Render Time take : 0.033291
ADDED ENTRY
Hunger: 100.000000,100.000000
Render Time take : 0.033709
ADDED ENTRY
Hunger: 100.000000,100.000000
Render Time take : 0.033540
ADDED ENTRY
Hunger: 100.000000,100.000000
Render Time take : 0.033764
ADDED ENTRY
Hunger: 100.000000,100.000000
Render Time take : 0.033392
ADDED ENTRY
Hunger: 100.000000,100.000000
Render Time take : 0.034160
ADDED ENTRY
Hunger: 100.000000,100.000000
Render Time take : 0.036613
ADDED ENTRY
Hunger: 100.000000,100.000000
Render Time take : 0.037086
ADDED ENTRY
Hunger: 100.000000,100.000000
Render Time take : 0.036375
ADDED ENTRY
Hunger: 100.000000,100.000000
Render Time take : 0.036014
ADDED ENTRY
Hunger: 100.000000,100.000000
Render Time take : 0.036266
ADDED ENTRY
Hunger: 100.000000,100.000000
Render Time take : 0.036503
ADDED ENTRY
Hunger: 100.000000,100.000000
Render Time take : 0.036578
ADDED ENTRY
Hunger: 100.000000,100.000000
Render Time take : 0.034519
ADDED ENTRY
Hunger: 100.000000,100.000000
Render Time take : 0.033903
ADDED ENTRY
Hunger: 100.000000,100.000000
Render Time take : 0.033905
ADDED ENTRY
Hunger: 100.000000,100.000000
Render Time take : 0.033953
ADDED ENTRY
Hunger: 100.000000,100.000000
Render Time take : 0.034044
ADDED ENTRY
Hunger: 100.000000,100.000000
Render Time take : 0.034079
ADDED ENTRY
Hunger: 100.000000,100.000000
Render Time take : 0.033914
ADDED ENTRY
Hunger: 100.000000,100.000000
Render Time take : 0.033981
ADDED ENTRY
Hunger: 100.000000,100.000000
Render Time take : 0.033898
ADDED ENTRY
Hunger: 100.000000,100.000000
Render Time take : 0.033960
ADDED ENTRY
Hunger: 100.000000,100.000000
Render Time take : 0.034070
ADDED ENTRY
Hunger: 100.000000,100.000000
Render Time take : 0.033792
ADDED ENTRY
Hunger: 100.000000,100.000000
Render Time take : 0.033773
ADDED ENTRY
Hunger: 100.000000,100.000000
Render Time take : 0.033824
ADDED ENTRY
Hunger: 100.000000,100.000000
Render Time take : 0.033757
ADDED ENTRY
Hunger: 100.000000,100.000000
Render Time take : 0.034657
ADDED ENTRY
Hunger: 100.000000,100.000000
Render Time take : 0.034431
ADDED ENTRY
Hunger: 100.000000,100.000000
Render Time take : 0.034110
ADDED ENTRY
Hunger: 100.000000,100.000000
Render Time take : 0.034135
ADDED ENTRY
Hunger: 100.000000,100.000000
Render Time take : 0.033820
ADDED ENTRY
Hunger: 100.000000,100.000000
Render Time take : 0.034006
ADDED ENTRY
Hunger: 100.000000,100.000000
Render Time take : 0.034732
ADDED ENTRY
Hunger: 100.000000,100.000000
Render Time take : 0.034980
ADDED ENTRY
Hunger: 100.000000,100.000000
Render Time take : 0.034795
ADDED ENTRY
Hunger: 100.000000,100.000000
Render Time take : 0.034609
ADDED ENTRY
Hunger: 100.000000,100.000000
Render Time take : 0.034859
ADDED ENTRY
Hunger: 100.000000,100.000000
Render Time take : 0.034305
ADDED ENTRY
Hunger: 100.000000,100.000000
Render Time take : 0.034015
ADDED ENTRY
Hunger: 100.000000,100.000000
Render Time take : 0.033852
ADDED ENTRY
Hunger: 100.000000,100.000000
Render Time take : 0.033895
ADDED ENTRY
Hunger: 100.000000,100.000000
Render Time take : 0.033746
ADDED ENTRY
Hunger: 100.000000,100.000000
Render Time take : 0.034089
ADDED ENTRY
Hunger: 100.000000,100.000000
Render Time take : 0.033880
ADDED ENTRY
Hunger: 100.000000,100.000000
Render Time take : 0.033633
ADDED ENTRY
Hunger: 100.000000,100.000000
Render Time take : 0.034081
ADDED ENTRY
Hunger: 100.000000,100.000000
Render Time take : 0.033963
ADDED ENTRY
Hunger: 100.000000,100.000000
Render Time take : 0.033902
ADDED ENTRY
Hunger: 100.000000,100.000000
Render Time take : 0.033997
ADDED ENTRY
Hunger: 100.000000,100.000000
Render Time take : 0.034027
ADDED ENTRY
Hunger: 100.000000,100.000000
Render Time take : 0.034807
ADDED ENTRY
Hunger: 100.000000,100.000000
Render Time take : 0.036214
ADDED ENTRY
Hunger: 100.000000,100.000000
Render Time take : 0.035712
ADDED ENTRY
Hunger: 100.000000,100.000000
Render Time take : 0.034423
ADDED ENTRY
Hunger: 100.000000,100.000000
Render Time take : 0.033877
ADDED ENTRY
Hunger: 100.000000,100.000000
Render Time take : 0.033776
ADDED ENTRY
Hunger: 100.000000,100.000000
Render Time take : 0.033535
ADDED ENTRY
Hunger: 100.000000,100.000000
Render Time take : 0.033670
ADDED ENTRY
Hunger: 100.000000,100.000000
Render Time take : 0.033605
ADDED ENTRY
Hunger: 100.000000,100.000000
Render Time take : 0.033495
ADDED ENTRY
Hunger: 100.000000,100.000000
Render Time take : 0.033251
ADDED ENTRY
Hunger: 100.000000,100.000000
Render Time take : 0.033689
ADDED ENTRY
Hunger: 100.000000,100.000000
Render Time take : 0.033639
ADDED ENTRY
Hunger: 100.000000,100.000000
Render Time take : 0.033481
ADDED ENTRY
Hunger: 100.000000,100.000000
Render Time take : 0.033349
ADDED ENTRY
Hunger: 100.000000,100.000000
Render Time take : 0.033520
ADDED ENTRY
Hunger: 100.000000,100.000000
Render Time take : 0.033640
ADDED ENTRY
Hunger: 100.000000,100.000000
Render Time take : 0.034346
ADDED ENTRY
Hunger: 100.000000,100.000000
Render Time take : 0.036479
ADDED ENTRY
Hunger: 100.000000,100.000000
Render Time take : 0.036408
ADDED ENTRY
Hunger: 100.000000,100.000000
Render Time take : 0.033818
ADDED ENTRY
Hunger: 100.000000,100.000000
Render Time take : 0.033387
ADDED ENTRY
Hunger: 100.000000,100.000000
Render Time take : 0.033509
ADDED ENTRY
Hunger: 100.000000,100.000000
Render Time take : 0.033642
ADDED ENTRY
Hunger: 100.000000,100.000000
Render Time take : 0.033662
ADDED ENTRY
Hunger: 100.000000,100.000000
Render Time take : 0.033224
ADDED ENTRY
Hunger: 100.000000,100.000000
Render Time take : 0.033342
ADDED ENTRY
Hunger: 100.000000,100.000000
Render Time take : 0.033296
ADDED ENTRY
Hunger: 100.000000,100.000000
Render Time take : 0.033350
ADDED ENTRY
Hunger: 100.000000,100.000000
Render Time take : 0.033291
ADDED ENTRY
Hunger: 100.000000,100.000000
Render Time take : 0.033849
ADDED ENTRY
Hunger: 100.000000,100.000000
Render Time take : 0.034242
ADDED ENTRY
Hunger: 100.000000,100.000000
Render Time take : 0.034236
ADDED ENTRY
Hunger: 100.000000,100.000000
Render Time take : 0.034265
ADDED ENTRY
Hunger: 100.000000,100.000000
Render Time take : 0.034368
ADDED ENTRY
Hunger: 100.000000,100.000000
Render Time take : 0.034282
ADDED ENTRY
Hunger: 100.000000,100.000000
Render Time take : 0.034320
ADDED ENTRY
Hunger: 100.000000,100.000000
Render Time take : 0.033171
ADDED ENTRY
Hunger: 100.000000,100.000000
Render Time take : 0.033419
ADDED ENTRY
Hunger: 100.000000,100.000000
Render Time take : 0.033449
ADDED ENTRY
Hunger: 100.000000,100.000000
Render Time take : 0.033287
ADDED ENTRY
Hunger: 100.000000,100.000000
Render Time take : 0.033314
ADDED ENTRY
Hunger: 100.000000,100.000000
Render Time take : 0.033392
ADDED ENTRY
Hunger: 100.000000,100.000000
Render Time take : 0.033617
ADDED ENTRY
Hunger: 100.000000,100.000000
Render Time take : 0.033453
ADDED ENTRY
Hunger: 100.000000,100.000000
Render Time take : 0.033552
ADDED ENTRY
Hunger: 100.000000,100.000000
Render Time take : 0.033552
ADDED ENTRY
Hunger: 100.000000,100.000000
Render Time take : 0.033489
ADDED ENTRY
Hunger: 100.000000,100.000000
Render Time take : 0.033364
ADDED ENTRY
Hunger: 100.000000,100.000000
Render Time take : 0.033510
ADDED ENTRY
Hunger: 100.000000,100.000000
Render Time take : 0.033460
ADDED ENTRY
Hunger: 100.000000,100.000000
Render Time take : 0.033406
ADDED ENTRY
Hunger: 100.000000,100.000000
Render Time take : 0.033319
ADDED ENTRY
Hunger: 100.000000,100.000000
Render Time take : 0.033703
ADDED ENTRY
Hunger: 100.000000,100.000000
Render Time take : 0.033366
ADDED ENTRY
Hunger: 100.000000,100.000000
Render Time take : 0.033496
ADDED ENTRY
Hunger: 100.000000,100.000000
Render Time take : 0.033526
ADDED ENTRY
Hunger: 100.000000,100.000000
Render Time take : 0.033686
ADDED ENTRY
Hunger: 100.000000,100.000000
Render Time take : 0.033418
ADDED ENTRY
Hunger: 100.000000,100.000000
Render Time take : 0.033268
ADDED ENTRY
Hunger: 100.000000,100.000000
Render Time take : 0.033370
ADDED ENTRY
Hunger: 100.000000,100.000000
Render Time take : 0.033070
ADDED ENTRY
Hunger: 100.000000,100.000000
Render Time take : 0.033102
ADDED ENTRY
Hunger: 100.000000,100.000000
Render Time take : 0.033840
ADDED ENTRY
Hunger: 100.000000,100.000000
Render Time take : 0.033158
ADDED ENTRY
Hunger: 100.000000,100.000000
Render Time take : 0.033276
ADDED ENTRY
Hunger: 100.000000,100.000000
Render Time take : 0.033434
ADDED ENTRY
Hunger: 100.000000,100.000000
Render Time take : 0.033653
ADDED ENTRY
Hunger: 100.000000,100.000000
Render Time take : 0.033234
ADDED ENTRY
Hunger: 100.000000,100.000000
Render Time take : 0.033273
ADDED ENTRY
Hunger: 100.000000,100.000000
Render Time take : 0.033360
ADDED ENTRY
Hunger: 100.000000,100.000000
Render Time take : 0.033451
ADDED ENTRY
Hunger: 100.000000,100.000000
Render Time take : 0.033362
ADDED ENTRY
Hunger: 100.000000,100.000000
Render Time take : 0.033530
ADDED ENTRY
Hunger: 100.000000,100.000000
Render Time take : 0.033104
ADDED ENTRY
Hunger: 100.000000,100.000000
Render Time take : 0.033363
ADDED ENTRY
Hunger: 100.000000,100.000000
Render Time take : 0.033642
ADDED ENTRY
Hunger: 100.000000,100.000000
Render Time take : 0.033835
ADDED ENTRY
Hunger: 100.000000,100.000000
Render Time take : 0.034165
ADDED ENTRY
Hunger: 100.000000,100.000000
Render Time take : 0.033846
ADDED ENTRY
Hunger: 100.000000,100.000000
Render Time take : 0.033296
ADDED ENTRY
Hunger: 100.000000,100.000000
Render Time take : 0.033630
ADDED ENTRY
Hunger: 100.000000,100.000000
Render Time take : 0.033424
ADDED ENTRY
Hunger: 100.000000,100.000000
Render Time take : 0.033422
ADDED ENTRY
Hunger: 100.000000,100.000000
Render Time take : 0.033418
ADDED ENTRY
Hunger: 100.000000,100.000000
Render Time take : 0.033311
ADDED ENTRY
Hunger: 100.000000,100.000000
Render Time take : 0.033364
ADDED ENTRY
Hunger: 100.000000,100.000000
Render Time take : 0.033407
ADDED ENTRY
Hunger: 100.000000,100.000000
Render Time take : 0.033292
ADDED ENTRY
Hunger: 100.000000,100.000000
Render Time take : 0.033558
ADDED ENTRY
Hunger: 100.000000,100.000000
Render Time take : 0.033482
ADDED ENTRY
Hunger: 100.000000,100.000000
Render Time take : 0.033448
ADDED ENTRY
Hunger: 100.000000,100.000000
Render Time take : 0.032976
ADDED ENTRY
Hunger: 100.000000,100.000000
Render Time take : 0.033497
ADDED ENTRY
Hunger: 100.000000,100.000000
Render Time take : 0.032972
ADDED ENTRY
Hunger: 100.000000,100.000000
Render Time take : 0.036141
ADDED ENTRY
Hunger: 100.000000,100.000000
Render Time take : 0.036712
ADDED ENTRY
Hunger: 100.000000,100.000000
Render Time take : 0.037686
ADDED ENTRY
Hunger: 100.000000,100.000000
Render Time take : 0.036631
ADDED ENTRY
Hunger: 100.000000,100.000000
Render Time take : 0.036432
ADDED ENTRY
Hunger: 100.000000,100.000000
Render Time take : 0.036781
ADDED ENTRY
Hunger: 100.000000,100.000000
Render Time take : 0.036440
ADDED ENTRY
Hunger: 100.000000,100.000000
Render Time take : 0.034594
ADDED ENTRY
Hunger: 100.000000,100.000000
Render Time take : 0.034179
ADDED ENTRY
Hunger: 100.000000,100.000000
Render Time take : 0.034095
ADDED ENTRY
Hunger: 100.000000,100.000000
Render Time take : 0.034211
ADDED ENTRY
Hunger: 100.000000,100.000000
Render Time take : 0.033995
ADDED ENTRY
Hunger: 100.000000,100.000000
Render Time take : 0.034066
ADDED ENTRY
Hunger: 100.000000,100.000000
Render Time take : 0.033893
ADDED ENTRY
Hunger: 100.000000,100.000000
Render Time take : 0.033924
ADDED ENTRY
Hunger: 100.000000,100.000000
Render Time take : 0.034115
ADDED ENTRY
Hunger: 100.000000,100.000000
Render Time take : 0.033916
ADDED ENTRY
Hunger: 100.000000,100.000000
Render Time take : 0.033710
ADDED ENTRY
Hunger: 100.000000,100.000000
Render Time take : 0.034194
ADDED ENTRY
Hunger: 100.000000,100.000000
Render Time take : 0.034160
ADDED ENTRY
Hunger: 100.000000,100.000000
Render Time take : 0.033814
ADDED ENTRY
Hunger: 100.000000,100.000000
Render Time take : 0.034116
ADDED ENTRY
Hunger: 100.000000,100.000000
Render Time take : 0.033907
ADDED ENTRY
Hunger: 100.000000,100.000000
Render Time take : 0.033936
ADDED ENTRY
Hunger: 100.000000,100.000000
Render Time take : 0.033702
ADDED ENTRY
Hunger: 100.000000,100.000000
Render Time take : 0.033650
ADDED ENTRY
Hunger: 100.000000,100.000000
Render Time take : 0.033941
ADDED ENTRY
Hunger: 100.000000,100.000000
Render Time take : 0.034110
ADDED ENTRY
Hunger: 100.000000,100.000000
Render Time take : 0.033966
ADDED ENTRY
Hunger: 100.000000,100.000000
Render Time take : 0.034033
ADDED ENTRY
Hunger: 100.000000,100.000000
Render Time take : 0.034098
ADDED ENTRY
Hunger: 100.000000,100.000000
Render Time take : 0.033895
ADDED ENTRY
Hunger: 100.000000,100.000000
Render Time take : 0.033941
ADDED ENTRY
Hunger: 100.000000,100.000000
Render Time take : 0.033858
ADDED ENTRY
Hunger: 100.000000,100.000000
Render Time take : 0.034189
ADDED ENTRY
Hunger: 100.000000,100.000000
Render Time take : 0.034004
ADDED ENTRY
Hunger: 100.000000,100.000000
Render Time take : 0.034168
ADDED ENTRY
Hunger: 100.000000,100.000000
Render Time take : 0.034344
ADDED ENTRY
Hunger: 100.000000,100.000000
Render Time take : 0.034064
ADDED ENTRY
Hunger: 100.000000,100.000000
Render Time take : 0.033895
ADDED ENTRY
Hunger: 100.000000,100.000000
Render Time take : 0.034059
ADDED ENTRY
Hunger: 100.000000,100.000000
Render Time take : 0.033626
ADDED ENTRY
Hunger: 100.000000,100.000000
Render Time take : 0.033805
ADDED ENTRY
Hunger: 100.000000,100.000000
Render Time take : 0.033660
ADDED ENTRY
Hunger: 100.000000,100.000000
Render Time take : 0.034061
ADDED ENTRY
Hunger: 100.000000,100.000000
Render Time take : 0.033995
ADDED ENTRY
Hunger: 100.000000,100.000000
Render Time take : 0.033766
ADDED ENTRY
Hunger: 100.000000,100.000000
Render Time take : 0.033943
ADDED ENTRY
Hunger: 100.000000,100.000000
Render Time take : 0.033864
ADDED ENTRY
Hunger: 100.000000,100.000000
Render Time take : 0.033760
ADDED ENTRY
Hunger: 100.000000,100.000000
Render Time take : 0.033715
ADDED ENTRY
Hunger: 100.000000,100.000000
Render Time take : 0.034135
ADDED ENTRY
Hunger: 100.000000,100.000000
Render Time take : 0.033966
ADDED ENTRY
Hunger: 100.000000,100.000000
Render Time take : 0.033666
ADDED ENTRY
Hunger: 100.000000,100.000000
Render Time take : 0.034113
ADDED ENTRY
Hunger: 100.000000,100.000000
Render Time take : 0.033857
ADDED ENTRY
Hunger: 100.000000,100.000000
Render Time take : 0.033634
ADDED ENTRY
Hunger: 100.000000,100.000000
Render Time take : 0.034120
ADDED ENTRY
Hunger: 100.000000,100.000000
Render Time take : 0.034399
ADDED ENTRY
Hunger: 100.000000,100.000000
Render Time take : 0.034562
ADDED ENTRY
Hunger: 100.000000,100.000000
Render Time take : 0.033639
ADDED ENTRY
Hunger: 100.000000,100.000000
Render Time take : 0.000717
ADDED ENTRY
Hunger: 100.000000,100.000000
Render Time take : 0.000715
ADDED ENTRY
Hunger: 100.000000,100.000000
Render Time take : 0.000759
ADDED ENTRY
Hunger: 100.000000,100.000000
Render Time take : 0.000843
ADDED ENTRY
Hunger: 100.000000,100.000000
Render Time take : 0.000903
ADDED ENTRY
Hunger: 100.000000,100.000000
Render Time take : 0.000977
ADDED ENTRY
Hunger: 100.000000,100.000000
Render Time take : 0.001083
ADDED ENTRY
Hunger: 100.000000,100.000000
Render Time take : 0.001118
ADDED ENTRY
Hunger: 100.000000,100.000000
Render Time take : 0.001178
ADDED ENTRY
Hunger: 100.000000,100.000000
Render Time take : 0.001430
ADDED ENTRY
Hunger: 100.000000,100.000000
Render Time take : 0.001401
ADDED ENTRY
Hunger: 100.000000,100.000000
Render Time take : 0.001660
ADDED ENTRY
Hunger: 100.000000,100.000000
Render Time take : 0.001905
ADDED ENTRY
Hunger: 100.000000,100.000000
Render Time take : 0.002971
ADDED ENTRY
Hunger: 100.000000,100.000000
Render Time take : 0.003070
ADDED ENTRY
Hunger: 100.000000,100.000000
Render Time take : 0.002994
ADDED ENTRY
Hunger: 100.000000,100.000000
Render Time take : 0.003014
ADDED ENTRY
Hunger: 100.000000,100.000000
Render Time take : 0.003227
ADDED ENTRY
Hunger: 100.000000,100.000000
Render Time take : 0.004284
ADDED ENTRY
Hunger: 100.000000,100.000000
Render Time take : 0.002945
ADDED ENTRY
Hunger: 100.000000,100.000000
Render Time take : 0.003947
ADDED ENTRY
Hunger: 100.000000,100.000000
Render Time take : 0.003593
ADDED ENTRY
Hunger: 100.000000,100.000000
Render Time take : 0.003611
ADDED ENTRY
Hunger: 100.000000,100.000000
Render Time take : 0.003770
ADDED ENTRY
Hunger: 100.000000,100.000000
Render Time take : 0.002648
ADDED ENTRY
Hunger: 100.000000,100.000000
Render Time take : 0.003747
ADDED ENTRY
Hunger: 100.000000,100.000000
Render Time take : 0.003583
ADDED ENTRY
Hunger: 100.000000,100.000000
Render Time take : 0.003709
ADDED ENTRY
Hunger: 100.000000,100.000000
Render Time take : 0.002719
ADDED ENTRY
Hunger: 100.000000,100.000000
Render Time take : 0.002690
ADDED ENTRY
Hunger: 100.000000,100.000000
Render Time take : 0.003269
ADDED ENTRY
Hunger: 100.000000,100.000000
Render Time take : 0.003082
ADDED ENTRY
Hunger: 100.000000,100.000000
Render Time take : 0.003807
ADDED ENTRY
Hunger: 100.000000,100.000000
Render Time take : 0.003858
ADDED ENTRY
Hunger: 100.000000,100.000000
Render Time take : 0.002976
ADDED ENTRY
Hunger: 100.000000,100.000000
Render Time take : 0.003398
ADDED ENTRY
Hunger: 100.000000,100.000000
Render Time take : 0.004166
ADDED ENTRY
Hunger: 100.000000,100.000000
Render Time take : 0.003120
ADDED ENTRY
Hunger: 100.000000,100.000000
Render Time take : 0.002548
ADDED ENTRY
Hunger: 100.000000,100.000000
Render Time take : 0.004127
ADDED ENTRY
Hunger: 100.000000,100.000000
Render Time take : 0.003898
ADDED ENTRY
Hunger: 100.000000,100.000000
Render Time take : 0.003971
ADDED ENTRY
Hunger: 100.000000,100.000000
Render Time take : 0.003078
ADDED ENTRY
Hunger: 100.000000,100.000000
Render Time take : 0.003671
ADDED ENTRY
Hunger: 100.000000,100.000000
Render Time take : 0.002479
ADDED ENTRY
Hunger: 100.000000,100.000000
Render Time take : 0.003843
ADDED ENTRY
Hunger: 100.000000,100.000000
Render Time take : 0.001906
ADDED ENTRY
Hunger: 100.000000,100.000000
Render Time take : 0.001597
ADDED ENTRY
Hunger: 100.000000,100.000000
Render Time take : 0.001263
ADDED ENTRY
Hunger: 100.000000,100.000000
Render Time take : 0.001189
ADDED ENTRY
Hunger: 100.000000,100.000000
Render Time take : 0.001152
ADDED ENTRY
Hunger: 100.000000,100.000000
Render Time take : 0.001262
ADDED ENTRY
Hunger: 100.000000,100.000000
Render Time take : 0.001568
ADDED ENTRY
Hunger: 100.000000,100.000000
Render Time take : 0.001422
ADDED ENTRY
Hunger: 100.000000,100.000000
Render Time take : 0.001683
ADDED ENTRY
Hunger: 100.000000,100.000000
Render Time take : 0.001715
ADDED ENTRY
Hunger: 100.000000,100.000000
Render Time take : 0.001991
ADDED ENTRY
Hunger: 100.000000,100.000000
Render Time take : 0.002689
ADDED ENTRY
Hunger: 100.000000,100.000000
Render Time take : 0.002646
ADDED ENTRY
Hunger: 100.000000,100.000000
Render Time take : 0.002615
ADDED ENTRY
Hunger: 100.000000,100.000000
Render Time take : 0.004003
ADDED ENTRY
Hunger: 100.000000,100.000000
Render Time take : 0.002601
ADDED ENTRY
Hunger: 100.000000,100.000000
Render Time take : 0.002839
ADDED ENTRY
Hunger: 100.000000,100.000000
Render Time take : 0.001457
ADDED ENTRY
Hunger: 100.000000,100.000000
Render Time take : 0.001389
ADDED ENTRY
Hunger: 100.000000,100.000000
Render Time take : 0.001366
ADDED ENTRY
Hunger: 100.000000,100.000000
Render Time take : 0.001573
ADDED ENTRY
Hunger: 100.000000,100.000000
Render Time take : 0.001526
ADDED ENTRY
Hunger: 100.000000,100.000000
Render Time take : 0.001806
ADDED ENTRY
Hunger: 100.000000,100.000000
Render Time take : 0.003035
ADDED ENTRY
Hunger: 100.000000,100.000000
Render Time take : 0.002593
ADDED ENTRY
Hunger: 100.000000,100.000000
Render Time take : 0.003504
ADDED ENTRY
Hunger: 100.000000,100.000000
Render Time take : 0.002876
ADDED ENTRY
Hunger: 100.000000,100.000000
Render Time take : 0.003064
ADDED ENTRY
Hunger: 100.000000,100.000000
Render Time take : 0.003394
ADDED ENTRY
Hunger: 100.000000,100.000000
Render Time take : 0.003393
ADDED ENTRY
Hunger: 100.000000,100.000000
Render Time take : 0.003040
ADDED ENTRY
Hunger: 100.000000,100.000000
Render Time take : 0.003558
ADDED ENTRY
Hunger: 100.000000,100.000000
Render Time take : 0.002679
ADDED ENTRY
Hunger: 100.000000,100.000000
Render Time take : 0.002983
ADDED ENTRY
Hunger: 100.000000,100.000000
Render Time take : 0.003236
ADDED ENTRY
Hunger: 100.000000,100.000000
Render Time take : 0.004235
ADDED ENTRY
Hunger: 100.000000,100.000000
Render Time take : 0.002970
ADDED ENTRY
Hunger: 100.000000,100.000000
Render Time take : 0.002647
ADDED ENTRY
Hunger: 100.000000,100.000000
Render Time take : 0.003871
ADDED ENTRY
Hunger: 100.000000,100.000000
Render Time take : 0.003758
ADDED ENTRY
Hunger: 100.000000,100.000000
Render Time take : 0.003930
ADDED ENTRY
Hunger: 100.000000,100.000000
Render Time take : 0.002667
ADDED ENTRY
Hunger: 100.000000,100.000000
Render Time take : 0.002841
ADDED ENTRY
Hunger: 100.000000,100.000000
Render Time take : 0.004571
ADDED ENTRY
Hunger: 100.000000,100.000000
Render Time take : 0.003170
ADDED ENTRY
Hunger: 100.000000,100.000000
Render Time take : 0.003209
ADDED ENTRY
Hunger: 100.000000,100.000000
Render Time take : 0.002869
ADDED ENTRY
Hunger: 100.000000,100.000000
Render Time take : 0.003465
ADDED ENTRY
Hunger: 100.000000,100.000000
Render Time take : 0.003279
ADDED ENTRY
Hunger: 100.000000,100.000000
Render Time take : 0.002773
ADDED ENTRY
Hunger: 100.000000,100.000000
Render Time take : 0.003499
ADDED ENTRY
Hunger: 100.000000,100.000000
Render Time take : 0.004037
ADDED ENTRY
Hunger: 100.000000,100.000000
Render Time take : 0.003951
ADDED ENTRY
Hunger: 100.000000,100.000000
Render Time take : 0.002527
ADDED ENTRY
Hunger: 100.000000,100.000000
Render Time take : 0.003041
ADDED ENTRY
Hunger: 100.000000,100.000000
Render Time take : 0.004576
ADDED ENTRY
Hunger: 100.000000,100.000000
Render Time take : 0.002834
ADDED ENTRY
Hunger: 100.000000,100.000000
Render Time take : 0.003772
ADDED ENTRY
Hunger: 100.000000,100.000000
Render Time take : 0.003264
ADDED ENTRY
Hunger: 100.000000,100.000000
Render Time take : 0.004520
ADDED ENTRY
Hunger: 100.000000,100.000000
Render Time take : 0.003861
ADDED ENTRY
Hunger: 100.000000,100.000000
Render Time take : 0.003164
ADDED ENTRY
Hunger: 100.000000,100.000000
Render Time take : 0.002624
ADDED ENTRY
Hunger: 100.000000,100.000000
Render Time take : 0.002488
ADDED ENTRY
Hunger: 100.000000,100.000000
Render Time take : 0.004433
ADDED ENTRY
Hunger: 100.000000,100.000000
Render Time take : 0.003887
ADDED ENTRY
Hunger: 100.000000,100.000000
Render Time take : 0.003449
ADDED ENTRY
Hunger: 100.000000,100.000000
Render Time take : 0.003435
ADDED ENTRY
Hunger: 100.000000,100.000000
Render Time take : 0.002819
ADDED ENTRY
Hunger: 100.000000,100.000000
Render Time take : 0.003609
ADDED ENTRY
Hunger: 100.000000,100.000000
Render Time take : 0.003740
ADDED ENTRY
Hunger: 100.000000,100.000000
Render Time take : 0.003136
ADDED ENTRY
Hunger: 100.000000,100.000000
Render Time take : 0.003408
ADDED ENTRY
Hunger: 100.000000,100.000000
Render Time take : 0.003325
ADDED ENTRY
Hunger: 100.000000,100.000000
Render Time take : 0.002811
ADDED ENTRY
Hunger: 100.000000,100.000000
Render Time take : 0.002600
ADDED ENTRY
Hunger: 100.000000,100.000000
Render Time take : 0.004200
ADDED ENTRY
Hunger: 100.000000,100.000000
Render Time take : 0.003784
ADDED ENTRY
Hunger: 100.000000,100.000000
Render Time take : 0.003168
ADDED ENTRY
Hunger: 100.000000,100.000000
Render Time take : 0.002730
ADDED ENTRY
Hunger: 100.000000,100.000000
Render Time take : 0.004132
ADDED ENTRY
Hunger: 100.000000,100.000000
Render Time take : 0.002644
ADDED ENTRY
Hunger: 100.000000,100.000000
Render Time take : 0.003536
ADDED ENTRY
Hunger: 100.000000,100.000000
Render Time take : 0.003452
ADDED ENTRY
Hunger: 100.000000,100.000000
Render Time take : 0.003326
ADDED ENTRY
Hunger: 100.000000,100.000000
Render Time take : 0.003507
ADDED ENTRY
Hunger: 100.000000,100.000000
Render Time take : 0.004236
ADDED ENTRY
Hunger: 100.000000,100.000000
Render Time take : 0.004165
ADDED ENTRY
Hunger: 100.000000,100.000000
Render Time take : 0.003552
ADDED ENTRY
Hunger: 100.000000,100.000000
Render Time take : 0.003347
ADDED ENTRY
Hunger: 100.000000,100.000000
Render Time take : 0.004018
ADDED ENTRY
Hunger: 100.000000,100.000000
Render Time take : 0.004313
ADDED ENTRY
Hunger: 100.000000,100.000000
Render Time take : 0.003906
ADDED ENTRY
Hunger: 100.000000,100.000000
Render Time take : 0.003558
ADDED ENTRY
Hunger: 100.000000,100.000000
Render Time take : 0.003182
ADDED ENTRY
Hunger: 100.000000,100.000000
Render Time take : 0.004322
ADDED ENTRY
Hunger: 100.000000,100.000000
Render Time take : 0.004645
ADDED ENTRY
Hunger: 100.000000,100.000000
Render Time take : 0.003992
ADDED ENTRY
Hunger: 100.000000,100.000000
Render Time take : 0.003548
ADDED ENTRY
Hunger: 100.000000,100.000000
Render Time take : 0.003156
ADDED ENTRY
Hunger: 100.000000,100.000000
Render Time take : 0.003673
ADDED ENTRY
Hunger: 100.000000,100.000000
Render Time take : 0.003529
ADDED ENTRY
Hunger: 100.000000,100.000000
Render Time take : 0.003464
ADDED ENTRY
Hunger: 100.000000,100.000000
Render Time take : 0.004464
ADDED ENTRY
Hunger: 100.000000,100.000000
Render Time take : 0.002680
ADDED ENTRY
Hunger: 100.000000,100.000000
Render Time take : 0.002638
ADDED ENTRY
Hunger: 100.000000,100.000000
Render Time take : 0.003071
ADDED ENTRY
Hunger: 100.000000,100.000000
Render Time take : 0.003695
ADDED ENTRY
Hunger: 100.000000,100.000000
Render Time take : 0.002902
ADDED ENTRY
Hunger: 100.000000,100.000000
Render Time take : 0.003145
ADDED ENTRY
Hunger: 100.000000,100.000000
Render Time take : 0.003096
ADDED ENTRY
Hunger: 100.000000,100.000000
Render Time take : 0.002670
ADDED ENTRY
Hunger: 100.000000,100.000000
Render Time take : 0.004272
ADDED ENTRY
Hunger: 100.000000,100.000000
Render Time take : 0.003189
ADDED ENTRY
Hunger: 100.000000,100.000000
Render Time take : 0.002704
ADDED ENTRY
Hunger: 100.000000,100.000000
Render Time take : 0.002628
ADDED ENTRY
Hunger: 100.000000,100.000000
Render Time take : 0.003767
ADDED ENTRY
Hunger: 100.000000,100.000000
Render Time take : 0.002805
ADDED ENTRY
Hunger: 100.000000,100.000000
Render Time take : 0.001465
ADDED ENTRY
Hunger: 100.000000,100.000000
Render Time take : 0.001452
ADDED ENTRY
Hunger: 100.000000,100.000000
Render Time take : 0.001428
ADDED ENTRY
Hunger: 100.000000,100.000000
Render Time take : 0.001614
ADDED ENTRY
Hunger: 100.000000,100.000000
Render Time take : 0.001899
ADDED ENTRY
Hunger: 100.000000,100.000000
Render Time take : 0.001952
ADDED ENTRY
Hunger: 100.000000,100.000000
Render Time take : 0.001939
ADDED ENTRY
Hunger: 100.000000,100.000000
Render Time take : 0.002771
ADDED ENTRY
Hunger: 100.000000,100.000000
Render Time take : 0.002894
ADDED ENTRY
Hunger: 100.000000,100.000000
Render Time take : 0.003315
ADDED ENTRY
Hunger: 100.000000,100.000000
Render Time take : 0.002877
ADDED ENTRY
Hunger: 100.000000,100.000000
Render Time take : 0.002573
ADDED ENTRY
Hunger: 100.000000,100.000000
Render Time take : 0.003612
ADDED ENTRY
Hunger: 100.000000,100.000000
Render Time take : 0.004151
ADDED ENTRY
Hunger: 100.000000,100.000000
Render Time take : 0.003393
ADDED ENTRY
Hunger: 100.000000,100.000000
Render Time take : 0.003903
ADDED ENTRY
Hunger: 100.000000,100.000000
Render Time take : 0.002648
ADDED ENTRY
Hunger: 100.000000,100.000000
Render Time take : 0.003016
ADDED ENTRY
Hunger: 100.000000,100.000000
Render Time take : 0.003116
ADDED ENTRY
Hunger: 100.000000,100.000000
Render Time take : 0.003924
ADDED ENTRY
Hunger: 100.000000,100.000000
Render Time take : 0.002533
ADDED ENTRY
Hunger: 100.000000,100.000000
Render Time take : 0.002618
ADDED ENTRY
Hunger: 100.000000,100.000000
Render Time take : 0.002974
ADDED ENTRY
Hunger: 100.000000,100.000000
Render Time take : 0.003203
ADDED ENTRY
Hunger: 100.000000,100.000000
Render Time take : 0.004074
ADDED ENTRY
Hunger: 100.000000,100.000000
Render Time take : 0.003575
ADDED ENTRY
Hunger: 100.000000,100.000000
Render Time take : 0.003716
ADDED ENTRY
Hunger: 100.000000,100.000000
Render Time take : 0.003072
ADDED ENTRY
Hunger: 100.000000,100.000000
Render Time take : 0.002955
ADDED ENTRY
Hunger: 100.000000,100.000000
Render Time take : 0.003095
ADDED ENTRY
Hunger: 100.000000,100.000000
Render Time take : 0.003058
ADDED ENTRY
Hunger: 100.000000,100.000000
Render Time take : 0.003221
ADDED ENTRY
Hunger: 100.000000,100.000000
Render Time take : 0.003037
ADDED ENTRY
Hunger: 100.000000,100.000000
Render Time take : 0.003165
ADDED ENTRY
Hunger: 100.000000,100.000000
Render Time take : 0.003008
ADDED ENTRY
Hunger: 100.000000,100.000000
Render Time take : 0.002815
ADDED ENTRY
Hunger: 100.000000,100.000000
Render Time take : 0.002927
ADDED ENTRY
Hunger: 100.000000,100.000000
Render Time take : 0.003634
ADDED ENTRY
Hunger: 100.000000,100.000000
Render Time take : 0.003795
ADDED ENTRY
Hunger: 100.000000,100.000000
Render Time take : 0.003621
ADDED ENTRY
Hunger: 100.000000,100.000000
Render Time take : 0.002518
ADDED ENTRY
Hunger: 100.000000,100.000000
Render Time take : 0.003580
ADDED ENTRY
Hunger: 100.000000,100.000000
Render Time take : 0.002838
ADDED ENTRY
Hunger: 100.000000,100.000000
Render Time take : 0.003646
ADDED ENTRY
Hunger: 100.000000,100.000000
Render Time take : 0.003901
ADDED ENTRY
Hunger: 100.000000,100.000000
Render Time take : 0.002806
ADDED ENTRY
Hunger: 100.000000,100.000000
Render Time take : 0.002552
ADDED ENTRY
Hunger: 100.000000,100.000000
Render Time take : 0.002497
ADDED ENTRY
Hunger: 100.000000,100.000000
Render Time take : 0.004348
ADDED ENTRY
Hunger: 100.000000,100.000000
Render Time take : 0.003995
ADDED ENTRY
Hunger: 100.000000,100.000000
Render Time take : 0.003471
ADDED ENTRY
Hunger: 100.000000,100.000000
Render Time take : 0.004210
ADDED ENTRY
Hunger: 100.000000,100.000000
Render Time take : 0.004026
ADDED ENTRY
Hunger: 100.000000,100.000000
Render Time take : 0.002971
ADDED ENTRY
Hunger: 100.000000,100.000000
Render Time take : 0.001605
ADDED ENTRY
Hunger: 100.000000,100.000000
Render Time take : 0.001536
ADDED ENTRY
Hunger: 100.000000,100.000000
Render Time take : 0.001846
ADDED ENTRY
Hunger: 100.000000,100.000000
Render Time take : 0.003091
ADDED ENTRY
Hunger: 100.000000,100.000000
Render Time take : 0.002748
ADDED ENTRY
Hunger: 100.000000,100.000000
Render Time take : 0.002786
ADDED ENTRY
Hunger: 100.000000,100.000000
Render Time take : 0.003549
ADDED ENTRY
Hunger: 100.000000,100.000000
Render Time take : 0.004629
ADDED ENTRY
Hunger: 100.000000,100.000000
Render Time take : 0.003841
ADDED ENTRY
Hunger: 100.000000,100.000000
Render Time take : 0.002817
ADDED ENTRY
Hunger: 100.000000,100.000000
Render Time take : 0.003835
ADDED ENTRY
Hunger: 100.000000,100.000000
Render Time take : 0.003148
ADDED ENTRY
Hunger: 100.000000,100.000000
Render Time take : 0.002765
ADDED ENTRY
Hunger: 100.000000,100.000000
Render Time take : 0.003451
ADDED ENTRY
Hunger: 100.000000,100.000000
Render Time take : 0.003857
ADDED ENTRY
Hunger: 100.000000,100.000000
Render Time take : 0.003735
ADDED ENTRY
Hunger: 100.000000,100.000000
Render Time take : 0.004052
ADDED ENTRY
Hunger: 100.000000,100.000000
Render Time take : 0.004329
ADDED ENTRY
Hunger: 100.000000,100.000000
Render Time take : 0.003728
ADDED ENTRY
Hunger: 100.000000,100.000000
Render Time take : 0.002880
ADDED ENTRY
Hunger: 100.000000,100.000000
Render Time take : 0.002538
ADDED ENTRY
Hunger: 100.000000,100.000000
Render Time take : 0.003582
ADDED ENTRY
Hunger: 100.000000,100.000000
Render Time take : 0.002951
ADDED ENTRY
Hunger: 100.000000,100.000000
Render Time take : 0.002958
ADDED ENTRY
Hunger: 100.000000,100.000000
Render Time take : 0.003247
ADDED ENTRY
Hunger: 100.000000,100.000000
Render Time take : 0.003805
ADDED ENTRY
Hunger: 100.000000,100.000000
Render Time take : 0.004184
ADDED ENTRY
Hunger: 100.000000,100.000000
Render Time take : 0.003599
ADDED ENTRY
Hunger: 100.000000,100.000000
Render Time take : 0.002969
ADDED ENTRY
Hunger: 100.000000,100.000000
Render Time take : 0.003832
ADDED ENTRY
Hunger: 100.000000,100.000000
Render Time take : 0.003692
ADDED ENTRY
Hunger: 100.000000,100.000000
Render Time take : 0.003685
ADDED ENTRY
Hunger: 100.000000,100.000000
Render Time take : 0.003729
ADDED ENTRY
Hunger: 100.000000,100.000000
Render Time take : 0.004542
ADDED ENTRY
Hunger: 100.000000,100.000000
Render Time take : 0.004073
ADDED ENTRY
Hunger: 100.000000,100.000000
Render Time take : 0.003156
ADDED ENTRY
Hunger: 100.000000,100.000000
Render Time take : 0.003266
ADDED ENTRY
Hunger: 100.000000,100.000000
Render Time take : 0.004003
ADDED ENTRY
Hunger: 100.000000,100.000000
Render Time take : 0.003037
ADDED ENTRY
Hunger: 100.000000,100.000000
Render Time take : 0.003167
ADDED ENTRY
Hunger: 100.000000,100.000000
Render Time take : 0.003548
ADDED ENTRY
Hunger: 100.000000,100.000000
Render Time take : 0.004764
ADDED ENTRY
Hunger: 100.000000,100.000000
Render Time take : 0.003510
ADDED ENTRY
Hunger: 100.000000,100.000000
Render Time take : 0.002954
ADDED ENTRY
Hunger: 100.000000,100.000000
Render Time take : 0.003129
ADDED ENTRY
Hunger: 100.000000,100.000000
Render Time take : 0.004114
ADDED ENTRY
Hunger: 100.000000,100.000000
Render Time take : 0.002965
ADDED ENTRY
Hunger: 100.000000,100.000000
Render Time take : 0.003118
ADDED ENTRY
Hunger: 100.000000,100.000000
Render Time take : 0.004623
ADDED ENTRY
Hunger: 100.000000,100.000000
Render Time take : 0.003000
ADDED ENTRY
Hunger: 100.000000,100.000000
Render Time take : 0.003170
ADDED ENTRY
Hunger: 100.000000,100.000000
Render Time take : 0.003606
ADDED ENTRY
Hunger: 100.000000,100.000000
Render Time take : 0.003627
ADDED ENTRY
Hunger: 100.000000,100.000000
Render Time take : 0.002843
ADDED ENTRY
Hunger: 100.000000,100.000000
Render Time take : 0.003327
ADDED ENTRY
Hunger: 100.000000,100.000000
Render Time take : 0.004069
ADDED ENTRY
Hunger: 100.000000,100.000000
Render Time take : 0.003172
ADDED ENTRY
Hunger: 100.000000,100.000000
Render Time take : 0.002731
ADDED ENTRY
Hunger: 100.000000,100.000000
Render Time take : 0.004216
ADDED ENTRY
Hunger: 100.000000,100.000000
Render Time take : 0.003006
ADDED ENTRY
Hunger: 100.000000,100.000000
Render Time take : 0.002928
ADDED ENTRY
Hunger: 100.000000,100.000000
Render Time take : 0.003327
ADDED ENTRY
Hunger: 100.000000,100.000000
Render Time take : 0.002996
ADDED ENTRY
Hunger: 100.000000,100.000000
Render Time take : 0.003919
ADDED ENTRY
Hunger: 100.000000,100.000000
Render Time take : 0.003182
ADDED ENTRY
Hunger: 100.000000,100.000000
Render Time take : 0.003328
ADDED ENTRY
Hunger: 100.000000,100.000000
Render Time take : 0.003947
ADDED ENTRY
Hunger: 100.000000,100.000000
Render Time take : 0.003901
ADDED ENTRY
Hunger: 100.000000,100.000000
Render Time take : 0.002984
ADDED ENTRY
Hunger: 100.000000,100.000000
Render Time take : 0.002724
ADDED ENTRY
Hunger: 100.000000,100.000000
Render Time take : 0.002770
ADDED ENTRY
Hunger: 100.000000,100.000000
Render Time take : 0.002899
ADDED ENTRY
Hunger: 100.000000,100.000000
Render Time take : 0.002846
ADDED ENTRY
Hunger: 100.000000,100.000000
Render Time take : 0.003104
ADDED ENTRY
Hunger: 100.000000,100.000000
Render Time take : 0.002452
ADDED ENTRY
Hunger: 100.000000,100.000000
Render Time take : 0.002913
ADDED ENTRY
Hunger: 100.000000,100.000000
Render Time take : 0.002513
ADDED ENTRY
Hunger: 100.000000,100.000000
Render Time take : 0.002681
ADDED ENTRY
Hunger: 100.000000,100.000000
Render Time take : 0.004205
ADDED ENTRY
Hunger: 100.000000,100.000000
Render Time take : 0.004020
ADDED ENTRY
Hunger: 100.000000,100.000000
Render Time take : 0.003712
ADDED ENTRY
Hunger: 100.000000,100.000000
Render Time take : 0.002786
ADDED ENTRY
Hunger: 100.000000,100.000000
Render Time take : 0.002876
ADDED ENTRY
Hunger: 100.000000,100.000000
Render Time take : 0.003149
ADDED ENTRY
Hunger: 100.000000,100.000000
Render Time take : 0.001413
ADDED ENTRY
Hunger: 100.000000,100.000000
Render Time take : 0.001399
ADDED ENTRY
Hunger: 100.000000,100.000000
Render Time take : 0.001328
ADDED ENTRY
Hunger: 100.000000,100.000000
Render Time take : 0.001471
ADDED ENTRY
Hunger: 100.000000,100.000000
Render Time take : 0.001701
ADDED ENTRY
Hunger: 100.000000,100.000000
Render Time take : 0.001293
ADDED ENTRY
Hunger: 100.000000,100.000000
Render Time take : 0.001038
ADDED ENTRY
Hunger: 100.000000,100.000000
Render Time take : 0.001124
ADDED ENTRY
Hunger: 100.000000,100.000000
Render Time take : 0.001097
ADDED ENTRY
Hunger: 100.000000,100.000000
Render Time take : 0.003704
ADDED ENTRY
Hunger: 100.000000,100.000000
Render Time take : 0.003835
ADDED ENTRY
Hunger: 100.000000,100.000000
Render Time take : 0.003802
ADDED ENTRY
Hunger: 100.000000,100.000000
Render Time take : 0.002540
ADDED ENTRY
Hunger: 100.000000,100.000000
Render Time take : 0.004291
ADDED ENTRY
Hunger: 100.000000,100.000000
Render Time take : 0.003022
ADDED ENTRY
Hunger: 100.000000,100.000000
Render Time take : 0.002617
ADDED ENTRY
Hunger: 100.000000,100.000000
Render Time take : 0.001699
ADDED ENTRY
Hunger: 100.000000,100.000000
Render Time take : 0.001295
ADDED ENTRY
Hunger: 100.000000,100.000000
Render Time take : 0.001442
ADDED ENTRY
Hunger: 100.000000,100.000000
Render Time take : 0.001566
ADDED ENTRY
Hunger: 100.000000,100.000000
Render Time take : 0.001763
ADDED ENTRY
Hunger: 100.000000,100.000000
Render Time take : 0.001864
ADDED ENTRY
Hunger: 100.000000,100.000000
Render Time take : 0.003423
ADDED ENTRY
Hunger: 100.000000,100.000000
Render Time take : 0.003325
ADDED ENTRY
Hunger: 100.000000,100.000000
Render Time take : 0.002706
ADDED ENTRY
Hunger: 100.000000,100.000000
Render Time take : 0.003125
ADDED ENTRY
Hunger: 100.000000,100.000000
Render Time take : 0.003031
ADDED ENTRY
Hunger: 100.000000,100.000000
Render Time take : 0.003245
ADDED ENTRY
Hunger: 100.000000,100.000000
Render Time take : 0.002709
ADDED ENTRY
Hunger: 100.000000,100.000000
Render Time take : 0.003066
ADDED ENTRY
Hunger: 100.000000,100.000000
Render Time take : 0.002610
ADDED ENTRY
Hunger: 100.000000,100.000000
Render Time take : 0.002605
ADDED ENTRY
Hunger: 100.000000,100.000000
Render Time take : 0.003336
ADDED ENTRY
Hunger: 100.000000,100.000000
Render Time take : 0.003445
ADDED ENTRY
Hunger: 100.000000,100.000000
Render Time take : 0.003287
ADDED ENTRY
Hunger: 100.000000,100.000000
Render Time take : 0.002556
ADDED ENTRY
Hunger: 100.000000,100.000000
Render Time take : 0.003798
ADDED ENTRY
Hunger: 100.000000,100.000000
Render Time take : 0.004324
ADDED ENTRY
Hunger: 100.000000,100.000000
Render Time take : 0.004158
ADDED ENTRY
Hunger: 100.000000,100.000000
Render Time take : 0.003338
ADDED ENTRY
Hunger: 100.000000,100.000000
Render Time take : 0.003784
ADDED ENTRY
Hunger: 100.000000,100.000000
Render Time take : 0.003356
ADDED ENTRY
Hunger: 100.000000,100.000000
Render Time take : 0.002969
ADDED ENTRY
Hunger: 100.000000,100.000000
Render Time take : 0.003763
ADDED ENTRY
Hunger: 100.000000,100.000000
Render Time take : 0.003418
ADDED ENTRY
Hunger: 100.000000,100.000000
Render Time take : 0.003421
ADDED ENTRY
Hunger: 100.000000,100.000000
Render Time take : 0.002814
ADDED ENTRY
Hunger: 100.000000,100.000000
Render Time take : 0.002851
ADDED ENTRY
Hunger: 100.000000,100.000000
Render Time take : 0.003418
ADDED ENTRY
Hunger: 100.000000,100.000000
Render Time take : 0.003030
ADDED ENTRY
Hunger: 100.000000,100.000000
Render Time take : 0.003492
ADDED ENTRY
Hunger: 100.000000,100.000000
Render Time take : 0.004409
ADDED ENTRY
Hunger: 100.000000,100.000000
Render Time take : 0.004183
ADDED ENTRY
Hunger: 100.000000,100.000000
Render Time take : 0.002876
ADDED ENTRY
Hunger: 100.000000,100.000000
Render Time take : 0.002845
ADDED ENTRY
Hunger: 100.000000,100.000000
Render Time take : 0.003275
ADDED ENTRY
Hunger: 100.000000,100.000000
Render Time take : 0.002522
ADDED ENTRY
Hunger: 100.000000,100.000000
Render Time take : 0.004008
ADDED ENTRY
Hunger: 100.000000,100.000000
Render Time take : 0.003103
ADDED ENTRY
Hunger: 100.000000,100.000000
Render Time take : 0.003370
ADDED ENTRY
Hunger: 100.000000,100.000000
Render Time take : 0.003674
ADDED ENTRY
Hunger: 100.000000,100.000000
Render Time take : 0.002628
ADDED ENTRY
Hunger: 100.000000,100.000000
Render Time take : 0.003475
ADDED ENTRY
Hunger: 100.000000,100.000000
Render Time take : 0.004175
ADDED ENTRY
Hunger: 100.000000,100.000000
Render Time take : 0.003951
ADDED ENTRY
Hunger: 100.000000,100.000000
Render Time take : 0.002510
ADDED ENTRY
Hunger: 100.000000,100.000000
Render Time take : 0.003410
ADDED ENTRY
Hunger: 100.000000,100.000000
Render Time take : 0.003630
ADDED ENTRY
Hunger: 100.000000,100.000000
Render Time take : 0.003373
ADDED ENTRY
Hunger: 100.000000,100.000000
Render Time take : 0.002733
ADDED ENTRY
Hunger: 100.000000,100.000000
Render Time take : 0.003651
ADDED ENTRY
Hunger: 100.000000,100.000000
Render Time take : 0.002872
ADDED ENTRY
Hunger: 100.000000,100.000000
Render Time take : 0.003981
ADDED ENTRY
Hunger: 100.000000,100.000000
Render Time take : 0.002892
ADDED ENTRY
Hunger: 100.000000,100.000000
Render Time take : 0.003620
ADDED ENTRY
Hunger: 100.000000,100.000000
Render Time take : 0.002562
ADDED ENTRY
Hunger: 100.000000,100.000000
Render Time take : 0.003115
ADDED ENTRY
Hunger: 100.000000,100.000000
Render Time take : 0.004311
ADDED ENTRY
Hunger: 100.000000,100.000000
Render Time take : 0.003401
ADDED ENTRY
Hunger: 100.000000,100.000000
Render Time take : 0.004311
ADDED ENTRY
Hunger: 100.000000,100.000000
Render Time take : 0.004498
ADDED ENTRY
Hunger: 100.000000,100.000000
Render Time take : 0.003724
ADDED ENTRY
Hunger: 100.000000,100.000000
Render Time take : 0.003241
ADDED ENTRY
Hunger: 100.000000,100.000000
Render Time take : 0.003229
ADDED ENTRY
Hunger: 100.000000,100.000000
Render Time take : 0.004323
ADDED ENTRY
Hunger: 100.000000,100.000000
Render Time take : 0.001125
ADDED ENTRY
Hunger: 100.000000,100.000000
Render Time take : 0.001237
ADDED ENTRY
Hunger: 100.000000,100.000000
Render Time take : 0.001094
ADDED ENTRY
Hunger: 100.000000,100.000000
Render Time take : 0.001220
ADDED ENTRY
Hunger: 100.000000,100.000000
Render Time take : 0.001476
ADDED ENTRY
Hunger: 100.000000,100.000000
Render Time take : 0.001648
ADDED ENTRY
Hunger: 100.000000,100.000000
Render Time take : 0.001582
ADDED ENTRY
Hunger: 100.000000,100.000000
Render Time take : 0.001827
ADDED ENTRY
Hunger: 100.000000,100.000000
Render Time take : 0.002608
ADDED ENTRY
Hunger: 100.000000,100.000000
Render Time take : 0.003140
ADDED ENTRY
Hunger: 100.000000,100.000000
Render Time take : 0.003875
ADDED ENTRY
Hunger: 100.000000,100.000000
Render Time take : 0.002873
ADDED ENTRY
Hunger: 100.000000,100.000000
Render Time take : 0.003450
ADDED ENTRY
Hunger: 100.000000,100.000000
Render Time take : 0.002613
ADDED ENTRY
Hunger: 100.000000,100.000000
Render Time take : 0.003739
ADDED ENTRY
Hunger: 100.000000,100.000000
Render Time take : 0.003352
ADDED ENTRY
Hunger: 100.000000,100.000000
Render Time take : 0.003047
ADDED ENTRY
Hunger: 100.000000,100.000000
Render Time take : 0.003541
ADDED ENTRY
Hunger: 100.000000,100.000000
Render Time take : 0.002500
ADDED ENTRY
Hunger: 100.000000,100.000000
Render Time take : 0.003177
ADDED ENTRY
Hunger: 100.000000,100.000000
Render Time take : 0.003692
ADDED ENTRY
Hunger: 100.000000,100.000000
Render Time take : 0.003725
ADDED ENTRY
Hunger: 100.000000,100.000000
Render Time take : 0.004539
ADDED ENTRY
Hunger: 100.000000,100.000000
Render Time take : 0.002594
ADDED ENTRY
Hunger: 100.000000,100.000000
Render Time take : 0.003948
ADDED ENTRY
Hunger: 100.000000,100.000000
Render Time take : 0.003164
ADDED ENTRY
Hunger: 100.000000,100.000000
Render Time take : 0.002720
ADDED ENTRY
Hunger: 100.000000,100.000000
Render Time take : 0.002665
ADDED ENTRY
Hunger: 100.000000,100.000000
Render Time take : 0.004114
ADDED ENTRY
Hunger: 100.000000,100.000000
Render Time take : 0.002802
ADDED ENTRY
Hunger: 100.000000,100.000000
Render Time take : 0.002778
ADDED ENTRY
Hunger: 100.000000,100.000000
Render Time take : 0.002953
ADDED ENTRY
Hunger: 100.000000,100.000000
Render Time take : 0.002990
ADDED ENTRY
Hunger: 100.000000,100.000000
Render Time take : 0.002653
ADDED ENTRY
Hunger: 100.000000,100.000000
Render Time take : 0.004191
ADDED ENTRY
Hunger: 100.000000,100.000000
Render Time take : 0.003176
ADDED ENTRY
Hunger: 100.000000,100.000000
Render Time take : 0.003177
ADDED ENTRY
Hunger: 100.000000,100.000000
Render Time take : 0.004415
ADDED ENTRY
Hunger: 100.000000,100.000000
Render Time take : 0.003674
ADDED ENTRY
Hunger: 100.000000,100.000000
Render Time take : 0.002719
ADDED ENTRY
Hunger: 100.000000,100.000000
Render Time take : 0.004188
ADDED ENTRY
Hunger: 100.000000,100.000000
Render Time take : 0.003903
ADDED ENTRY
Hunger: 100.000000,100.000000
Render Time take : 0.003575
ADDED ENTRY
Hunger: 100.000000,100.000000
Render Time take : 0.003016
ADDED ENTRY
Hunger: 100.000000,100.000000
Render Time take : 0.002618
ADDED ENTRY
Hunger: 100.000000,100.000000
Render Time take : 0.003421
ADDED ENTRY
Hunger: 100.000000,100.000000
Render Time take : 0.002627
ADDED ENTRY
Hunger: 100.000000,100.000000
Render Time take : 0.002651
ADDED ENTRY
Hunger: 100.000000,100.000000
Render Time take : 0.003510
ADDED ENTRY
Hunger: 100.000000,100.000000
Render Time take : 0.003432
ADDED ENTRY
Hunger: 100.000000,100.000000
Render Time take : 0.003623
ADDED ENTRY
Hunger: 100.000000,100.000000
Render Time take : 0.003637
ADDED ENTRY
Hunger: 100.000000,100.000000
Render Time take : 0.003394
ADDED ENTRY
Hunger: 100.000000,100.000000
Render Time take : 0.003460
ADDED ENTRY
Hunger: 100.000000,100.000000
Render Time take : 0.004476
ADDED ENTRY
Hunger: 100.000000,100.000000
Render Time take : 0.003759
ADDED ENTRY
Hunger: 100.000000,100.000000
Render Time take : 0.003191
ADDED ENTRY
Hunger: 100.000000,100.000000
Render Time take : 0.003466
ADDED ENTRY
Hunger: 100.000000,100.000000
Render Time take : 0.003392
ADDED ENTRY
Hunger: 100.000000,100.000000
Render Time take : 0.003513
ADDED ENTRY
Hunger: 100.000000,100.000000
Render Time take : 0.003391
ADDED ENTRY
Hunger: 100.000000,100.000000
Render Time take : 0.003030
ADDED ENTRY
Hunger: 100.000000,100.000000
Render Time take : 0.004083
ADDED ENTRY
Hunger: 100.000000,100.000000
Render Time take : 0.003836
ADDED ENTRY
Hunger: 100.000000,100.000000
Render Time take : 0.002766
ADDED ENTRY
Hunger: 100.000000,100.000000
Render Time take : 0.004490
ADDED ENTRY
Hunger: 100.000000,100.000000
Render Time take : 0.003276
ADDED ENTRY
Hunger: 100.000000,100.000000
Render Time take : 0.003351
ADDED ENTRY
Hunger: 100.000000,100.000000
Render Time take : 0.003368
ADDED ENTRY
Hunger: 100.000000,100.000000
Render Time take : 0.003195
ADDED ENTRY
Hunger: 100.000000,100.000000
Render Time take : 0.002993
ADDED ENTRY
Hunger: 100.000000,100.000000
Render Time take : 0.003069
ADDED ENTRY
Hunger: 100.000000,100.000000
Render Time take : 0.002720
ADDED ENTRY
Hunger: 100.000000,100.000000
Render Time take : 0.003233
ADDED ENTRY
Hunger: 100.000000,100.000000
Render Time take : 0.002688
ADDED ENTRY
Hunger: 100.000000,100.000000
Render Time take : 0.003851
ADDED ENTRY
Hunger: 100.000000,100.000000
Render Time take : 0.003019
ADDED ENTRY
Hunger: 100.000000,100.000000
Render Time take : 0.004383
ADDED ENTRY
Hunger: 100.000000,100.000000
Render Time take : 0.002865
ADDED ENTRY
Hunger: 100.000000,100.000000
Render Time take : 0.003579
ADDED ENTRY
Hunger: 100.000000,100.000000
Render Time take : 0.003348
ADDED ENTRY
Hunger: 100.000000,100.000000
Render Time take : 0.004060
ADDED ENTRY
Hunger: 100.000000,100.000000
Render Time take : 0.003989
ADDED ENTRY
Hunger: 100.000000,100.000000
Render Time take : 0.003795
ADDED ENTRY
Hunger: 100.000000,100.000000
Render Time take : 0.002914
ADDED ENTRY
Hunger: 100.000000,100.000000
Render Time take : 0.003853
ADDED ENTRY
Hunger: 100.000000,100.000000
Render Time take : 0.004575
ADDED ENTRY
Hunger: 100.000000,100.000000
Render Time take : 0.003692
ADDED ENTRY
Hunger: 100.000000,100.000000
Render Time take : 0.004483
ADDED ENTRY
Hunger: 100.000000,100.000000
Render Time take : 0.002602
ADDED ENTRY
Hunger: 100.000000,100.000000
Render Time take : 0.003255
ADDED ENTRY
Hunger: 100.000000,100.000000
Render Time take : 0.004260
ADDED ENTRY
Hunger: 100.000000,100.000000
Render Time take : 0.004301
ADDED ENTRY
Hunger: 100.000000,100.000000
Render Time take : 0.003202
ADDED ENTRY
Hunger: 100.000000,100.000000
Render Time take : 0.002622
ADDED ENTRY
Hunger: 100.000000,100.000000
Render Time take : 0.003071
ADDED ENTRY
Hunger: 100.000000,100.000000
Render Time take : 0.003258
ADDED ENTRY
Hunger: 100.000000,100.000000
Render Time take : 0.003246
ADDED ENTRY
Hunger: 100.000000,100.000000
Render Time take : 0.003555
ADDED ENTRY
Hunger: 100.000000,100.000000
Render Time take : 0.003168
ADDED ENTRY
Hunger: 100.000000,100.000000
Render Time take : 0.002749
ADDED ENTRY
Hunger: 100.000000,100.000000
Render Time take : 0.004433
ADDED ENTRY
Hunger: 100.000000,100.000000
Render Time take : 0.003761
ADDED ENTRY
Hunger: 100.000000,100.000000
Render Time take : 0.003355
ADDED ENTRY
Hunger: 100.000000,100.000000
Render Time take : 0.004134
ADDED ENTRY
Hunger: 100.000000,100.000000
Render Time take : 0.002644
ADDED ENTRY
Hunger: 100.000000,100.000000
Render Time take : 0.005217
ADDED ENTRY
Hunger: 100.000000,100.000000
Render Time take : 0.002945
ADDED ENTRY
Hunger: 100.000000,100.000000
Render Time take : 0.003450
ADDED ENTRY
Hunger: 100.000000,100.000000
Render Time take : 0.003630
ADDED ENTRY
Hunger: 100.000000,100.000000
Render Time take : 0.003731
ADDED ENTRY
Hunger: 100.000000,100.000000
Render Time take : 0.002636
ADDED ENTRY
Hunger: 100.000000,100.000000
Render Time take : 0.003816
ADDED ENTRY
Hunger: 100.000000,100.000000
Render Time take : 0.003778
ADDED ENTRY
Hunger: 100.000000,100.000000
Render Time take : 0.003559
ADDED ENTRY
Hunger: 100.000000,100.000000
Render Time take : 0.002950
ADDED ENTRY
Hunger: 100.000000,100.000000
Render Time take : 0.002909
ADDED ENTRY
Hunger: 100.000000,100.000000
Render Time take : 0.004306
ADDED ENTRY
Hunger: 100.000000,100.000000
Render Time take : 0.003048
ADDED ENTRY
Hunger: 100.000000,100.000000
Render Time take : 0.002790
ADDED ENTRY
Hunger: 100.000000,100.000000
Render Time take : 0.003002
ADDED ENTRY
Hunger: 100.000000,100.000000
Render Time take : 0.003561
ADDED ENTRY
Hunger: 100.000000,100.000000
Render Time take : 0.004498
ADDED ENTRY
Hunger: 100.000000,100.000000
Render Time take : 0.003567
ADDED ENTRY
Hunger: 100.000000,100.000000
Render Time take : 0.003900
ADDED ENTRY
Hunger: 100.000000,100.000000
Render Time take : 0.002480
ADDED ENTRY
Hunger: 100.000000,100.000000
Render Time take : 0.003608
ADDED ENTRY
Hunger: 100.000000,100.000000
Render Time take : 0.003464
ADDED ENTRY
Hunger: 100.000000,100.000000
Render Time take : 0.003235
ADDED ENTRY
Hunger: 100.000000,100.000000
Render Time take : 0.002479
ADDED ENTRY
Hunger: 100.000000,100.000000
Render Time take : 0.002564
ADDED ENTRY
Hunger: 100.000000,100.000000
Render Time take : 0.003437
ADDED ENTRY
Hunger: 100.000000,100.000000
Render Time take : 0.002602
ADDED ENTRY
Hunger: 100.000000,100.000000
Render Time take : 0.002726
INFO: TEXTURE: [ID 2] Unloaded texture data from VRAM (GPU)
INFO: SHADER: [ID 3] Default shader unloaded successfully
INFO: TEXTURE: [ID 1] Default texture unloaded successfully
INFO: Window closed successfully
